2026-04-13 09:11:18,940 INFO sqlalchemy.engine.Engine select pg_catalog.version()
2026-04-13 09:11:18,940 INFO sqlalchemy.engine.Engine [raw sql] {}
2026-04-13 09:11:18,941 INFO sqlalchemy.engine.Engine select current_schema()
2026-04-13 09:11:18,941 INFO sqlalchemy.engine.Engine [raw sql] {}
2026-04-13 09:11:18,941 INFO sqlalchemy.engine.Engine show standard_conforming_strings
2026-04-13 09:11:18,941 INFO sqlalchemy.engine.Engine [raw sql] {}
2026-04-13 09:11:18,944 INFO sqlalchemy.engine.Engine BEGIN (implicit)
2026-04-13 09:11:18,944 INFO sqlalchemy.engine.Engine SELECT 1
2026-04-13 09:11:18,944 INFO sqlalchemy.engine.Engine [generated in 0.00009s] {}
2026-04-13 09:11:18,945 INFO sqlalchemy.engine.Engine ROLLBACK
2026-04-13 09:11:19,782 INFO sqlalchemy.engine.Engine BEGIN (implicit)
2026-04-13 09:11:19,784 INFO sqlalchemy.engine.Engine SELECT lines.name, lines.description, lines.id, lines.created_at, lines.updated_at, lines.status, lines.merged_into_id 
FROM lines 
WHERE lines.status IN (%(status_1_1)s, %(status_1_2)s)
2026-04-13 09:11:19,784 INFO sqlalchemy.engine.Engine [generated in 0.00019s] {'status_1_1': 'APPROVED', 'status_1_2': 'PENDING'}
2026-04-13 09:11:19,787 INFO sqlalchemy.engine.Engine SELECT routes.line_id AS routes_line_id, routes.id AS routes_id, routes.version AS routes_version, routes.source AS routes_source, routes.status AS routes_status, routes.trip_count AS routes_trip_count, routes.created_at AS routes_created_at 
FROM routes 
WHERE routes.line_id IN (%(primary_keys_1)s::UUID, %(primary_keys_2)s::UUID, %(primary_keys_3)s::UUID)
2026-04-13 09:11:19,787 INFO sqlalchemy.engine.Engine [generated in 0.00018s] {'primary_keys_1': UUID('d15cad2e-115f-49dc-9f78-0f66e4a4100e'), 'primary_keys_2': UUID('c2e1b876-2d3c-4ba3-be97-78f8a4a32837'), 'primary_keys_3': UUID('4925cc5f-0c9b-42aa-a766-a199de7fd8bc')}
2026-04-13 09:11:19,800 INFO sqlalchemy.engine.Engine SELECT route_edges.route_id AS route_edges_route_id, route_edges.id AS route_edges_id, route_edges.sequence AS route_edges_sequence, route_edges.valhalla_edge_id AS route_edges_valhalla_edge_id, route_edges.forward AS route_edges_forward, ST_AsEWKB(route_edges.path) AS route_edges_path, route_edges.confidence AS route_edges_confidence, route_edges.status AS route_edges_status, route_edges.votes_for AS route_edges_votes_for, route_edges.votes_against AS route_edges_votes_against, route_edges.confirmed_at AS route_edges_confirmed_at 
FROM route_edges 
WHERE route_edges.route_id IN (%(primary_keys_1)s::UUID, %(primary_keys_2)s::UUID, %(primary_keys_3)s::UUID)
2026-04-13 09:11:19,800 INFO sqlalchemy.engine.Engine [generated in 0.00017s] {'primary_keys_1': UUID('82190fe1-c714-4fcd-865f-32fd902a9972'), 'primary_keys_2': UUID('6f655cce-1dc0-416e-8269-b3ee4dfe9dd8'), 'primary_keys_3': UUID('d45e1e48-41f2-4b5a-8aec-32eac79be23c')}
2026-04-13 09:11:19,921 INFO sqlalchemy.engine.Engine ROLLBACK
Transient error StatusCode.UNAVAILABLE encountered while exporting traces to localhost:4317, retrying in 0.97s.
Failed to export traces to localhost:4317, error code: StatusCode.UNAVAILABLE
Transient error StatusCode.UNAVAILABLE encountered while exporting traces to localhost:4317, retrying in 1.17s.
Failed to export traces to localhost:4317, error code: StatusCode.UNAVAILABLE
Transient error StatusCode.UNAVAILABLE encountered while exporting traces to localhost:4317, retrying in 1.11s.
Failed to export traces to localhost:4317, error code: StatusCode.UNAVAILABLE
2026-04-13 09:11:59,131 INFO sqlalchemy.engine.Engine BEGIN (implicit)
2026-04-13 09:11:59,132 INFO sqlalchemy.engine.Engine SELECT lines.name, lines.description, lines.id, lines.created_at, lines.updated_at, lines.status, lines.merged_into_id 
FROM lines 
WHERE lines.status IN (%(status_1_1)s, %(status_1_2)s)
2026-04-13 09:11:59,132 INFO sqlalchemy.engine.Engine [cached since 39.35s ago] {'status_1_1': 'APPROVED', 'status_1_2': 'PENDING'}
2026-04-13 09:11:59,135 INFO sqlalchemy.engine.Engine SELECT routes.line_id AS routes_line_id, routes.id AS routes_id, routes.version AS routes_version, routes.source AS routes_source, routes.status AS routes_status, routes.trip_count AS routes_trip_count, routes.created_at AS routes_created_at 
FROM routes 
WHERE routes.line_id IN (%(primary_keys_1)s::UUID, %(primary_keys_2)s::UUID, %(primary_keys_3)s::UUID)
2026-04-13 09:11:59,135 INFO sqlalchemy.engine.Engine [cached since 39.35s ago] {'primary_keys_1': UUID('d15cad2e-115f-49dc-9f78-0f66e4a4100e'), 'primary_keys_2': UUID('c2e1b876-2d3c-4ba3-be97-78f8a4a32837'), 'primary_keys_3': UUID('4925cc5f-0c9b-42aa-a766-a199de7fd8bc')}
2026-04-13 09:11:59,137 INFO sqlalchemy.engine.Engine SELECT route_edges.route_id AS route_edges_route_id, route_edges.id AS route_edges_id, route_edges.sequence AS route_edges_sequence, route_edges.valhalla_edge_id AS route_edges_valhalla_edge_id, route_edges.forward AS route_edges_forward, ST_AsEWKB(route_edges.path) AS route_edges_path, route_edges.confidence AS route_edges_confidence, route_edges.status AS route_edges_status, route_edges.votes_for AS route_edges_votes_for, route_edges.votes_against AS route_edges_votes_against, route_edges.confirmed_at AS route_edges_confirmed_at 
FROM route_edges 
WHERE route_edges.route_id IN (%(primary_keys_1)s::UUID, %(primary_keys_2)s::UUID, %(primary_keys_3)s::UUID)
2026-04-13 09:11:59,137 INFO sqlalchemy.engine.Engine [cached since 39.34s ago] {'primary_keys_1': UUID('82190fe1-c714-4fcd-865f-32fd902a9972'), 'primary_keys_2': UUID('6f655cce-1dc0-416e-8269-b3ee4dfe9dd8'), 'primary_keys_3': UUID('d45e1e48-41f2-4b5a-8aec-32eac79be23c')}
2026-04-13 09:11:59,451 INFO sqlalchemy.engine.Engine SELECT detours.id, detours.line_id, detours.session_id, detours.status, detours.reason, detours.description, ST_AsEWKB(detours.path) AS path, detours.created_at, detours.last_confirmed_at, detours.confirmed_count 
FROM detours 
WHERE detours.line_id = %(line_id_1)s::UUID AND detours.status = %(status_1)s
2026-04-13 09:11:59,451 INFO sqlalchemy.engine.Engine [generated in 0.00021s] {'line_id_1': UUID('d15cad2e-115f-49dc-9f78-0f66e4a4100e'), 'status_1': 'ACTIVE'}
2026-04-13 09:11:59,454 INFO sqlalchemy.engine.Engine SELECT routes.id, routes.line_id, routes.version, routes.source, routes.status, routes.trip_count, routes.created_at 
FROM routes 
WHERE routes.line_id = %(line_id_1)s::UUID AND routes.status != %(status_1)s ORDER BY routes.version DESC
2026-04-13 09:11:59,454 INFO sqlalchemy.engine.Engine [generated in 0.00018s] {'line_id_1': UUID('d15cad2e-115f-49dc-9f78-0f66e4a4100e'), 'status_1': 'SUPERSEDED'}
2026-04-13 09:11:59,457 INFO sqlalchemy.engine.Engine SELECT route_edges.id, route_edges.route_id, route_edges.sequence, route_edges.valhalla_edge_id, route_edges.forward, ST_AsEWKB(route_edges.path) AS path, route_edges.confidence, route_edges.status, route_edges.votes_for, route_edges.votes_against, route_edges.confirmed_at 
FROM route_edges 
WHERE route_edges.route_id = %(route_id_1)s::UUID ORDER BY route_edges.sequence
2026-04-13 09:11:59,457 INFO sqlalchemy.engine.Engine [generated in 0.00006s] {'route_id_1': UUID('82190fe1-c714-4fcd-865f-32fd902a9972')}
2026-04-13 09:11:59,579 INFO sqlalchemy.engine.Engine ROLLBACK
Transient error StatusCode.UNAVAILABLE encountered while exporting traces to localhost:4317, retrying in 0.85s.
Failed to export traces to localhost:4317, error code: StatusCode.UNAVAILABLE
Transient error StatusCode.UNAVAILABLE encountered while exporting traces to localhost:4317, retrying in 0.98s.
Transient error StatusCode.UNAVAILABLE encountered while exporting traces to localhost:4317, retrying in 3.28s.
Failed to export traces to localhost:4317, error code: StatusCode.UNAVAILABLE
Transient error StatusCode.UNAVAILABLE encountered while exporting traces to localhost:4317, retrying in 1.01s.
Failed to export traces to localhost:4317, error code: StatusCode.UNAVAILABLE
Transient error StatusCode.UNAVAILABLE encountered while exporting traces to localhost:4317, retrying in 1.19s.
Failed to export traces to localhost:4317, error code: StatusCode.UNAVAILABLE
Transient error StatusCode.UNAVAILABLE encountered while exporting traces to localhost:4317, retrying in 1.03s.
Failed to export traces to localhost:4317, error code: StatusCode.UNAVAILABLE
Transient error StatusCode.UNAVAILABLE encountered while exporting traces to localhost:4317, retrying in 0.98s.
Failed to export traces to localhost:4317, error code: StatusCode.UNAVAILABLE
Transient error StatusCode.UNAVAILABLE encountered while exporting traces to localhost:4317, retrying in 1.16s.
Failed to export traces to localhost:4317, error code: StatusCode.UNAVAILABLE
Transient error StatusCode.UNAVAILABLE encountered while exporting traces to localhost:4317, retrying in 0.95s.
Failed to export traces to localhost:4317, error code: StatusCode.UNAVAILABLE
Transient error StatusCode.UNAVAILABLE encountered while exporting traces to localhost:4317, retrying in 1.13s.
Failed to export traces to localhost:4317, error code: StatusCode.UNAVAILABLE
Transient error StatusCode.UNAVAILABLE encountered while exporting traces to localhost:4317, retrying in 1.05s.
Failed to export traces to localhost:4317, error code: StatusCode.UNAVAILABLE
Transient error StatusCode.UNAVAILABLE encountered while exporting traces to localhost:4317, retrying in 0.98s.
Failed to export traces to localhost:4317, error code: StatusCode.UNAVAILABLE
Transient error StatusCode.UNAVAILABLE encountered while exporting traces to localhost:4317, retrying in 1.15s.
Failed to export traces to localhost:4317, error code: StatusCode.UNAVAILABLE
Transient error StatusCode.UNAVAILABLE encountered while exporting traces to localhost:4317, retrying in 0.92s.
Transient error StatusCode.UNAVAILABLE encountered while exporting traces to localhost:4317, retrying in 2.09s.
Failed to export traces to localhost:4317, error code: StatusCode.UNAVAILABLE
Transient error StatusCode.UNAVAILABLE encountered while exporting traces to localhost:4317, retrying in 0.83s.
Failed to export traces to localhost:4317, error code: StatusCode.UNAVAILABLE
Transient error StatusCode.UNAVAILABLE encountered while exporting traces to localhost:4317, retrying in 1.17s.
Failed to export traces to localhost:4317, error code: StatusCode.UNAVAILABLE
Transient error StatusCode.UNAVAILABLE encountered while exporting traces to localhost:4317, retrying in 1.00s.
Failed to export traces to localhost:4317, error code: StatusCode.UNAVAILABLE
Transient error StatusCode.UNAVAILABLE encountered while exporting traces to localhost:4317, retrying in 1.12s.
Failed to export traces to localhost:4317, error code: StatusCode.UNAVAILABLE
Transient error StatusCode.UNAVAILABLE encountered while exporting traces to localhost:4317, retrying in 1.15s.
Failed to export traces to localhost:4317, error code: StatusCode.UNAVAILABLE
Transient error StatusCode.UNAVAILABLE encountered while exporting traces to localhost:4317, retrying in 0.85s.
Failed to export traces to localhost:4317, error code: StatusCode.UNAVAILABLE
Transient error StatusCode.UNAVAILABLE encountered while exporting traces to localhost:4317, retrying in 1.02s.
Failed to export traces to localhost:4317, error code: StatusCode.UNAVAILABLE
Transient error StatusCode.UNAVAILABLE encountered while exporting traces to localhost:4317, retrying in 0.84s.
Failed to export traces to localhost:4317, error code: StatusCode.UNAVAILABLE
Transient error StatusCode.UNAVAILABLE encountered while exporting traces to localhost:4317, retrying in 1.05s.
Transient error StatusCode.UNAVAILABLE encountered while exporting traces to localhost:4317, retrying in 3.71s.
Failed to export traces to localhost:4317, error code: StatusCode.UNAVAILABLE
Transient error StatusCode.UNAVAILABLE encountered while exporting traces to localhost:4317, retrying in 1.01s.
Failed to export traces to localhost:4317, error code: StatusCode.UNAVAILABLE
Transient error StatusCode.UNAVAILABLE encountered while exporting traces to localhost:4317, retrying in 1.13s.
Failed to export traces to localhost:4317, error code: StatusCode.UNAVAILABLE
Transient error StatusCode.UNAVAILABLE encountered while exporting traces to localhost:4317, retrying in 0.94s.
Failed to export traces to localhost:4317, error code: StatusCode.UNAVAILABLE
Transient error StatusCode.UNAVAILABLE encountered while exporting traces to localhost:4317, retrying in 1.09s.
Failed to export traces to localhost:4317, error code: StatusCode.UNAVAILABLE
Transient error StatusCode.UNAVAILABLE encountered while exporting traces to localhost:4317, retrying in 1.09s.
Failed to export traces to localhost:4317, error code: StatusCode.UNAVAILABLE
Transient error StatusCode.UNAVAILABLE encountered while exporting traces to localhost:4317, retrying in 1.14s.
Failed to export traces to localhost:4317, error code: StatusCode.UNAVAILABLE
Transient error StatusCode.UNAVAILABLE encountered while exporting traces to localhost:4317, retrying in 1.06s.
Failed to export traces to localhost:4317, error code: StatusCode.UNAVAILABLE
Transient error StatusCode.UNAVAILABLE encountered while exporting traces to localhost:4317, retrying in 1.07s.
Failed to export traces to localhost:4317, error code: StatusCode.UNAVAILABLE
Transient error StatusCode.UNAVAILABLE encountered while exporting traces to localhost:4317, retrying in 1.16s.
Failed to export traces to localhost:4317, error code: StatusCode.UNAVAILABLE
Transient error StatusCode.UNAVAILABLE encountered while exporting traces to localhost:4317, retrying in 0.94s.
Failed to export traces to localhost:4317, error code: StatusCode.UNAVAILABLE
Transient error StatusCode.UNAVAILABLE encountered while exporting traces to localhost:4317, retrying in 0.90s.
Failed to export traces to localhost:4317, error code: StatusCode.UNAVAILABLE
Transient error StatusCode.UNAVAILABLE encountered while exporting traces to localhost:4317, retrying in 0.82s.
Transient error StatusCode.UNAVAILABLE encountered while exporting traces to localhost:4317, retrying in 4.26s.
Failed to export traces to localhost:4317, error code: StatusCode.UNAVAILABLE
Transient error StatusCode.UNAVAILABLE encountered while exporting traces to localhost:4317, retrying in 1.06s.
Failed to export traces to localhost:4317, error code: StatusCode.UNAVAILABLE
Transient error StatusCode.UNAVAILABLE encountered while exporting traces to localhost:4317, retrying in 0.96s.
Failed to export traces to localhost:4317, error code: StatusCode.UNAVAILABLE
Transient error StatusCode.UNAVAILABLE encountered while exporting traces to localhost:4317, retrying in 1.10s.
Transient error StatusCode.UNAVAILABLE encountered while exporting traces to localhost:4317, retrying in 1.78s.
Failed to export traces to localhost:4317, error code: StatusCode.UNAVAILABLE
Transient error StatusCode.UNAVAILABLE encountered while exporting traces to localhost:4317, retrying in 1.02s.
Failed to export traces to localhost:4317, error code: StatusCode.UNAVAILABLE
Transient error StatusCode.UNAVAILABLE encountered while exporting traces to localhost:4317, retrying in 1.07s.
Failed to export traces to localhost:4317, error code: StatusCode.UNAVAILABLE
Transient error StatusCode.UNAVAILABLE encountered while exporting traces to localhost:4317, retrying in 1.19s.
Failed to export traces to localhost:4317, error code: StatusCode.UNAVAILABLE
Transient error StatusCode.UNAVAILABLE encountered while exporting traces to localhost:4317, retrying in 1.19s.
Failed to export traces to localhost:4317, error code: StatusCode.UNAVAILABLE
Transient error StatusCode.UNAVAILABLE encountered while exporting traces to localhost:4317, retrying in 1.14s.
Failed to export traces to localhost:4317, error code: StatusCode.UNAVAILABLE
Transient error StatusCode.UNAVAILABLE encountered while exporting traces to localhost:4317, retrying in 1.02s.
Failed to export traces to localhost:4317, error code: StatusCode.UNAVAILABLE
Transient error StatusCode.UNAVAILABLE encountered while exporting traces to localhost:4317, retrying in 1.02s.
Failed to export traces to localhost:4317, error code: StatusCode.UNAVAILABLE
Transient error StatusCode.UNAVAILABLE encountered while exporting traces to localhost:4317, retrying in 1.18s.
Failed to export traces to localhost:4317, error code: StatusCode.UNAVAILABLE
Transient error StatusCode.UNAVAILABLE encountered while exporting traces to localhost:4317, retrying in 0.93s.
Transient error StatusCode.UNAVAILABLE encountered while exporting traces to localhost:4317, retrying in 3.55s.
Failed to export traces to localhost:4317, error code: StatusCode.UNAVAILABLE
Transient error StatusCode.UNAVAILABLE encountered while exporting traces to localhost:4317, retrying in 1.09s.
Failed to export traces to localhost:4317, error code: StatusCode.UNAVAILABLE
Transient error StatusCode.UNAVAILABLE encountered while exporting traces to localhost:4317, retrying in 0.87s.
Failed to export traces to localhost:4317, error code: StatusCode.UNAVAILABLE
Transient error StatusCode.UNAVAILABLE encountered while exporting traces to localhost:4317, retrying in 1.07s.
Failed to export traces to localhost:4317, error code: StatusCode.UNAVAILABLE
Transient error StatusCode.UNAVAILABLE encountered while exporting traces to localhost:4317, retrying in 0.89s.
Failed to export traces to localhost:4317, error code: StatusCode.UNAVAILABLE
Transient error StatusCode.UNAVAILABLE encountered while exporting traces to localhost:4317, retrying in 0.96s.
Failed to export traces to localhost:4317, error code: StatusCode.UNAVAILABLE
Transient error StatusCode.UNAVAILABLE encountered while exporting traces to localhost:4317, retrying in 1.12s.
Failed to export traces to localhost:4317, error code: StatusCode.UNAVAILABLE
Transient error StatusCode.UNAVAILABLE encountered while exporting traces to localhost:4317, retrying in 1.11s.
Transient error StatusCode.UNAVAILABLE encountered while exporting traces to localhost:4317, retrying in 2.06s.
Failed to export traces to localhost:4317, error code: StatusCode.UNAVAILABLE
Transient error StatusCode.UNAVAILABLE encountered while exporting traces to localhost:4317, retrying in 0.83s.
Failed to export traces to localhost:4317, error code: StatusCode.UNAVAILABLE
Transient error StatusCode.UNAVAILABLE encountered while exporting traces to localhost:4317, retrying in 0.90s.
Failed to export traces to localhost:4317, error code: StatusCode.UNAVAILABLE
Transient error StatusCode.UNAVAILABLE encountered while exporting traces to localhost:4317, retrying in 0.86s.
Failed to export traces to localhost:4317, error code: StatusCode.UNAVAILABLE
Transient error StatusCode.UNAVAILABLE encountered while exporting traces to localhost:4317, retrying in 0.97s.
Failed to export traces to localhost:4317, error code: StatusCode.UNAVAILABLE
Transient error StatusCode.UNAVAILABLE encountered while exporting traces to localhost:4317, retrying in 0.85s.
Failed to export traces to localhost:4317, error code: StatusCode.UNAVAILABLE
Transient error StatusCode.UNAVAILABLE encountered while exporting traces to localhost:4317, retrying in 1.13s.
Failed to export traces to localhost:4317, error code: StatusCode.UNAVAILABLE
Transient error StatusCode.UNAVAILABLE encountered while exporting traces to localhost:4317, retrying in 1.04s.
Failed to export traces to localhost:4317, error code: StatusCode.UNAVAILABLE
Transient error StatusCode.UNAVAILABLE encountered while exporting traces to localhost:4317, retrying in 1.12s.
Failed to export traces to localhost:4317, error code: StatusCode.UNAVAILABLE
Transient error StatusCode.UNAVAILABLE encountered while exporting traces to localhost:4317, retrying in 0.88s.
Transient error StatusCode.UNAVAILABLE encountered while exporting traces to localhost:4317, retrying in 3.39s.
Failed to export traces to localhost:4317, error code: StatusCode.UNAVAILABLE
Transient error StatusCode.UNAVAILABLE encountered while exporting traces to localhost:4317, retrying in 0.89s.
Failed to export traces to localhost:4317, error code: StatusCode.UNAVAILABLE
Transient error StatusCode.UNAVAILABLE encountered while exporting traces to localhost:4317, retrying in 1.19s.
Failed to export traces to localhost:4317, error code: StatusCode.UNAVAILABLE
Transient error StatusCode.UNAVAILABLE encountered while exporting traces to localhost:4317, retrying in 1.10s.
Failed to export traces to localhost:4317, error code: StatusCode.UNAVAILABLE
Transient error StatusCode.UNAVAILABLE encountered while exporting traces to localhost:4317, retrying in 0.89s.
Failed to export traces to localhost:4317, error code: StatusCode.UNAVAILABLE
Transient error StatusCode.UNAVAILABLE encountered while exporting traces to localhost:4317, retrying in 0.86s.
Failed to export traces to localhost:4317, error code: StatusCode.UNAVAILABLE
Transient error StatusCode.UNAVAILABLE encountered while exporting traces to localhost:4317, retrying in 0.99s.
Failed to export traces to localhost:4317, error code: StatusCode.UNAVAILABLE
Transient error StatusCode.UNAVAILABLE encountered while exporting traces to localhost:4317, retrying in 0.96s.
Transient error StatusCode.UNAVAILABLE encountered while exporting traces to localhost:4317, retrying in 1.66s.
Failed to export traces to localhost:4317, error code: StatusCode.UNAVAILABLE
Transient error StatusCode.UNAVAILABLE encountered while exporting traces to localhost:4317, retrying in 1.20s.
Transient error StatusCode.UNAVAILABLE encountered while exporting traces to localhost:4317, retrying in 4.00s.
Failed to export traces to localhost:4317, error code: StatusCode.UNAVAILABLE
Transient error StatusCode.UNAVAILABLE encountered while exporting traces to localhost:4317, retrying in 1.16s.
Failed to export traces to localhost:4317, error code: StatusCode.UNAVAILABLE
Transient error StatusCode.UNAVAILABLE encountered while exporting traces to localhost:4317, retrying in 0.97s.
Failed to export traces to localhost:4317, error code: StatusCode.UNAVAILABLE
Transient error StatusCode.UNAVAILABLE encountered while exporting traces to localhost:4317, retrying in 1.16s.
Transient error StatusCode.UNAVAILABLE encountered while exporting traces to localhost:4317, retrying in 1.89s.
Failed to export traces to localhost:4317, error code: StatusCode.UNAVAILABLE
Transient error StatusCode.UNAVAILABLE encountered while exporting traces to localhost:4317, retrying in 0.81s.
Transient error StatusCode.UNAVAILABLE encountered while exporting traces to localhost:4317, retrying in 4.35s.
Failed to export traces to localhost:4317, error code: StatusCode.UNAVAILABLE
Transient error StatusCode.UNAVAILABLE encountered while exporting traces to localhost:4317, retrying in 1.14s.
Failed to export traces to localhost:4317, error code: StatusCode.UNAVAILABLE
Transient error StatusCode.UNAVAILABLE encountered while exporting traces to localhost:4317, retrying in 1.13s.
Failed to export traces to localhost:4317, error code: StatusCode.UNAVAILABLE
Transient error StatusCode.UNAVAILABLE encountered while exporting traces to localhost:4317, retrying in 1.03s.
Transient error StatusCode.UNAVAILABLE encountered while exporting traces to localhost:4317, retrying in 2.09s.
Failed to export traces to localhost:4317, error code: StatusCode.UNAVAILABLE
Transient error StatusCode.UNAVAILABLE encountered while exporting traces to localhost:4317, retrying in 1.18s.
Transient error StatusCode.UNAVAILABLE encountered while exporting traces to localhost:4317, retrying in 3.96s.
Failed to export traces to localhost:4317, error code: StatusCode.UNAVAILABLE
Transient error StatusCode.UNAVAILABLE encountered while exporting traces to localhost:4317, retrying in 1.19s.
Failed to export traces to localhost:4317, error code: StatusCode.UNAVAILABLE
Transient error StatusCode.UNAVAILABLE encountered while exporting traces to localhost:4317, retrying in 0.86s.
Failed to export traces to localhost:4317, error code: StatusCode.UNAVAILABLE
Transient error StatusCode.UNAVAILABLE encountered while exporting traces to localhost:4317, retrying in 1.17s.
Transient error StatusCode.UNAVAILABLE encountered while exporting traces to localhost:4317, retrying in 1.69s.
Failed to export traces to localhost:4317, error code: StatusCode.UNAVAILABLE
Transient error StatusCode.UNAVAILABLE encountered while exporting traces to localhost:4317, retrying in 0.95s.
Failed to export traces to localhost:4317, error code: StatusCode.UNAVAILABLE
Transient error StatusCode.UNAVAILABLE encountered while exporting traces to localhost:4317, retrying in 0.89s.
Failed to export traces to localhost:4317, error code: StatusCode.UNAVAILABLE
Transient error StatusCode.UNAVAILABLE encountered while exporting traces to localhost:4317, retrying in 0.95s.
Failed to export traces to localhost:4317, error code: StatusCode.UNAVAILABLE
Transient error StatusCode.UNAVAILABLE encountered while exporting traces to localhost:4317, retrying in 0.99s.
Failed to export traces to localhost:4317, error code: StatusCode.UNAVAILABLE
Transient error StatusCode.UNAVAILABLE encountered while exporting traces to localhost:4317, retrying in 1.15s.
Transient error StatusCode.UNAVAILABLE encountered while exporting traces to localhost:4317, retrying in 4.46s.
Failed to export traces to localhost:4317, error code: StatusCode.UNAVAILABLE
Transient error StatusCode.UNAVAILABLE encountered while exporting traces to localhost:4317, retrying in 0.91s.
Failed to export traces to localhost:4317, error code: StatusCode.UNAVAILABLE
Transient error StatusCode.UNAVAILABLE encountered while exporting traces to localhost:4317, retrying in 1.20s.
Failed to export traces to localhost:4317, error code: StatusCode.UNAVAILABLE
Transient error StatusCode.UNAVAILABLE encountered while exporting traces to localhost:4317, retrying in 0.90s.
Transient error StatusCode.UNAVAILABLE encountered while exporting traces to localhost:4317, retrying in 1.88s.
Failed to export traces to localhost:4317, error code: StatusCode.UNAVAILABLE
Transient error StatusCode.UNAVAILABLE encountered while exporting traces to localhost:4317, retrying in 1.18s.
Transient error StatusCode.UNAVAILABLE encountered while exporting traces to localhost:4317, retrying in 3.89s.
Failed to export traces to localhost:4317, error code: StatusCode.UNAVAILABLE
Transient error StatusCode.UNAVAILABLE encountered while exporting traces to localhost:4317, retrying in 1.04s.
Failed to export traces to localhost:4317, error code: StatusCode.UNAVAILABLE
Transient error StatusCode.UNAVAILABLE encountered while exporting traces to localhost:4317, retrying in 0.88s.
Failed to export traces to localhost:4317, error code: StatusCode.UNAVAILABLE
Transient error StatusCode.UNAVAILABLE encountered while exporting traces to localhost:4317, retrying in 1.20s.
Failed to export traces to localhost:4317, error code: StatusCode.UNAVAILABLE
Transient error StatusCode.UNAVAILABLE encountered while exporting traces to localhost:4317, retrying in 0.90s.
Failed to export traces to localhost:4317, error code: StatusCode.UNAVAILABLE
Transient error StatusCode.UNAVAILABLE encountered while exporting traces to localhost:4317, retrying in 0.84s.
Failed to export traces to localhost:4317, error code: StatusCode.UNAVAILABLE
Transient error StatusCode.UNAVAILABLE encountered while exporting traces to localhost:4317, retrying in 0.95s.
Failed to export traces to localhost:4317, error code: StatusCode.UNAVAILABLE
Transient error StatusCode.UNAVAILABLE encountered while exporting traces to localhost:4317, retrying in 0.85s.
Failed to export traces to localhost:4317, error code: StatusCode.UNAVAILABLE
Transient error StatusCode.UNAVAILABLE encountered while exporting traces to localhost:4317, retrying in 0.87s.
Transient error StatusCode.UNAVAILABLE encountered while exporting traces to localhost:4317, retrying in 3.71s.
Failed to export traces to localhost:4317, error code: StatusCode.UNAVAILABLE
Transient error StatusCode.UNAVAILABLE encountered while exporting traces to localhost:4317, retrying in 1.08s.
Failed to export traces to localhost:4317, error code: StatusCode.UNAVAILABLE
Transient error StatusCode.UNAVAILABLE encountered while exporting traces to localhost:4317, retrying in 1.20s.
Failed to export traces to localhost:4317, error code: StatusCode.UNAVAILABLE
Transient error StatusCode.UNAVAILABLE encountered while exporting traces to localhost:4317, retrying in 1.04s.
Failed to export traces to localhost:4317, error code: StatusCode.UNAVAILABLE
Transient error StatusCode.UNAVAILABLE encountered while exporting traces to localhost:4317, retrying in 0.81s.
Failed to export traces to localhost:4317, error code: StatusCode.UNAVAILABLE
Transient error StatusCode.UNAVAILABLE encountered while exporting traces to localhost:4317, retrying in 1.11s.
Failed to export traces to localhost:4317, error code: StatusCode.UNAVAILABLE
Transient error StatusCode.UNAVAILABLE encountered while exporting traces to localhost:4317, retrying in 0.83s.
Failed to export traces to localhost:4317, error code: StatusCode.UNAVAILABLE
Transient error StatusCode.UNAVAILABLE encountered while exporting traces to localhost:4317, retrying in 0.88s.
Failed to export traces to localhost:4317, error code: StatusCode.UNAVAILABLE
Transient error StatusCode.UNAVAILABLE encountered while exporting traces to localhost:4317, retrying in 1.12s.
Failed to export traces to localhost:4317, error code: StatusCode.UNAVAILABLE
Transient error StatusCode.UNAVAILABLE encountered while exporting traces to localhost:4317, retrying in 1.19s.
Failed to export traces to localhost:4317, error code: StatusCode.UNAVAILABLE
Transient error StatusCode.UNAVAILABLE encountered while exporting traces to localhost:4317, retrying in 1.19s.
Failed to export traces to localhost:4317, error code: StatusCode.UNAVAILABLE
Transient error StatusCode.UNAVAILABLE encountered while exporting traces to localhost:4317, retrying in 0.97s.
Failed to export traces to localhost:4317, error code: StatusCode.UNAVAILABLE
Transient error StatusCode.UNAVAILABLE encountered while exporting traces to localhost:4317, retrying in 1.19s.
Failed to export traces to localhost:4317, error code: StatusCode.UNAVAILABLE
Transient error StatusCode.UNAVAILABLE encountered while exporting traces to localhost:4317, retrying in 0.81s.
Failed to export traces to localhost:4317, error code: StatusCode.UNAVAILABLE
Transient error StatusCode.UNAVAILABLE encountered while exporting traces to localhost:4317, retrying in 0.89s.
Failed to export traces to localhost:4317, error code: StatusCode.UNAVAILABLE
Transient error StatusCode.UNAVAILABLE encountered while exporting traces to localhost:4317, retrying in 0.85s.
Failed to export traces to localhost:4317, error code: StatusCode.UNAVAILABLE
Transient error StatusCode.UNAVAILABLE encountered while exporting traces to localhost:4317, retrying in 0.98s.
Failed to export traces to localhost:4317, error code: StatusCode.UNAVAILABLE
Transient error StatusCode.UNAVAILABLE encountered while exporting traces to localhost:4317, retrying in 1.11s.
Failed to export traces to localhost:4317, error code: StatusCode.UNAVAILABLE
Transient error StatusCode.UNAVAILABLE encountered while exporting traces to localhost:4317, retrying in 1.08s.
Failed to export traces to localhost:4317, error code: StatusCode.UNAVAILABLE
Transient error StatusCode.UNAVAILABLE encountered while exporting traces to localhost:4317, retrying in 0.93s.
Failed to export traces to localhost:4317, error code: StatusCode.UNAVAILABLE
Transient error StatusCode.UNAVAILABLE encountered while exporting traces to localhost:4317, retrying in 0.83s.
Failed to export traces to localhost:4317, error code: StatusCode.UNAVAILABLE
Transient error StatusCode.UNAVAILABLE encountered while exporting traces to localhost:4317, retrying in 1.16s.
Failed to export traces to localhost:4317, error code: StatusCode.UNAVAILABLE
Transient error StatusCode.UNAVAILABLE encountered while exporting traces to localhost:4317, retrying in 0.81s.
Failed to export traces to localhost:4317, error code: StatusCode.UNAVAILABLE
Transient error StatusCode.UNAVAILABLE encountered while exporting traces to localhost:4317, retrying in 1.08s.
Failed to export traces to localhost:4317, error code: StatusCode.UNAVAILABLE
Transient error StatusCode.UNAVAILABLE encountered while exporting traces to localhost:4317, retrying in 1.06s.
Transient error StatusCode.UNAVAILABLE encountered while exporting traces to localhost:4317, retrying in 4.75s.
Failed to export traces to localhost:4317, error code: StatusCode.UNAVAILABLE
Transient error StatusCode.UNAVAILABLE encountered while exporting traces to localhost:4317, retrying in 0.81s.
Failed to export traces to localhost:4317, error code: StatusCode.UNAVAILABLE
Transient error StatusCode.UNAVAILABLE encountered while exporting traces to localhost:4317, retrying in 0.87s.
Failed to export traces to localhost:4317, error code: StatusCode.UNAVAILABLE
Transient error StatusCode.UNAVAILABLE encountered while exporting traces to localhost:4317, retrying in 0.95s.
Failed to export traces to localhost:4317, error code: StatusCode.UNAVAILABLE
Transient error StatusCode.UNAVAILABLE encountered while exporting traces to localhost:4317, retrying in 0.94s.
Transient error StatusCode.UNAVAILABLE encountered while exporting traces to localhost:4317, retrying in 3.34s.
Failed to export traces to localhost:4317, error code: StatusCode.UNAVAILABLE
Transient error StatusCode.UNAVAILABLE encountered while exporting traces to localhost:4317, retrying in 1.10s.
Failed to export traces to localhost:4317, error code: StatusCode.UNAVAILABLE
Transient error StatusCode.UNAVAILABLE encountered while exporting traces to localhost:4317, retrying in 1.17s.
Failed to export traces to localhost:4317, error code: StatusCode.UNAVAILABLE
Transient error StatusCode.UNAVAILABLE encountered while exporting traces to localhost:4317, retrying in 0.82s.
Transient error StatusCode.UNAVAILABLE encountered while exporting traces to localhost:4317, retrying in 1.64s.
Failed to export traces to localhost:4317, error code: StatusCode.UNAVAILABLE
Transient error StatusCode.UNAVAILABLE encountered while exporting traces to localhost:4317, retrying in 1.14s.
Failed to export traces to localhost:4317, error code: StatusCode.UNAVAILABLE
Transient error StatusCode.UNAVAILABLE encountered while exporting traces to localhost:4317, retrying in 0.82s.
Failed to export traces to localhost:4317, error code: StatusCode.UNAVAILABLE
Transient error StatusCode.UNAVAILABLE encountered while exporting traces to localhost:4317, retrying in 0.94s.
Failed to export traces to localhost:4317, error code: StatusCode.UNAVAILABLE
Transient error StatusCode.UNAVAILABLE encountered while exporting traces to localhost:4317, retrying in 1.17s.
Failed to export traces to localhost:4317, error code: StatusCode.UNAVAILABLE
Transient error StatusCode.UNAVAILABLE encountered while exporting traces to localhost:4317, retrying in 1.17s.
Failed to export traces to localhost:4317, error code: StatusCode.UNAVAILABLE
Transient error StatusCode.UNAVAILABLE encountered while exporting traces to localhost:4317, retrying in 1.09s.
Failed to export traces to localhost:4317, error code: StatusCode.UNAVAILABLE
Transient error StatusCode.UNAVAILABLE encountered while exporting traces to localhost:4317, retrying in 1.09s.
Failed to export traces to localhost:4317, error code: StatusCode.UNAVAILABLE
Transient error StatusCode.UNAVAILABLE encountered while exporting traces to localhost:4317, retrying in 1.07s.
Failed to export traces to localhost:4317, error code: StatusCode.UNAVAILABLE
Transient error StatusCode.UNAVAILABLE encountered while exporting traces to localhost:4317, retrying in 1.10s.
Transient error StatusCode.UNAVAILABLE encountered while exporting traces to localhost:4317, retrying in 4.37s.
Failed to export traces to localhost:4317, error code: StatusCode.UNAVAILABLE
Transient error StatusCode.UNAVAILABLE encountered while exporting traces to localhost:4317, retrying in 1.16s.
Failed to export traces to localhost:4317, error code: StatusCode.UNAVAILABLE
Transient error StatusCode.UNAVAILABLE encountered while exporting traces to localhost:4317, retrying in 1.00s.
Failed to export traces to localhost:4317, error code: StatusCode.UNAVAILABLE
Transient error StatusCode.UNAVAILABLE encountered while exporting traces to localhost:4317, retrying in 0.84s.
Failed to export traces to localhost:4317, error code: StatusCode.UNAVAILABLE
Transient error StatusCode.UNAVAILABLE encountered while exporting traces to localhost:4317, retrying in 0.89s.
Failed to export traces to localhost:4317, error code: StatusCode.UNAVAILABLE
Transient error StatusCode.UNAVAILABLE encountered while exporting traces to localhost:4317, retrying in 1.10s.
Failed to export traces to localhost:4317, error code: StatusCode.UNAVAILABLE
Transient error StatusCode.UNAVAILABLE encountered while exporting traces to localhost:4317, retrying in 1.13s.
Failed to export traces to localhost:4317, error code: StatusCode.UNAVAILABLE
Transient error StatusCode.UNAVAILABLE encountered while exporting traces to localhost:4317, retrying in 1.14s.
Failed to export traces to localhost:4317, error code: StatusCode.UNAVAILABLE
Transient error StatusCode.UNAVAILABLE encountered while exporting traces to localhost:4317, retrying in 1.08s.
Failed to export traces to localhost:4317, error code: StatusCode.UNAVAILABLE
Transient error StatusCode.UNAVAILABLE encountered while exporting traces to localhost:4317, retrying in 0.84s.
Failed to export traces to localhost:4317, error code: StatusCode.UNAVAILABLE
Transient error StatusCode.UNAVAILABLE encountered while exporting traces to localhost:4317, retrying in 0.95s.
Failed to export traces to localhost:4317, error code: StatusCode.UNAVAILABLE
Transient error StatusCode.UNAVAILABLE encountered while exporting traces to localhost:4317, retrying in 0.90s.
Failed to export traces to localhost:4317, error code: StatusCode.UNAVAILABLE
Transient error StatusCode.UNAVAILABLE encountered while exporting traces to localhost:4317, retrying in 1.04s.
Failed to export traces to localhost:4317, error code: StatusCode.UNAVAILABLE
Transient error StatusCode.UNAVAILABLE encountered while exporting traces to localhost:4317, retrying in 1.19s.
Failed to export traces to localhost:4317, error code: StatusCode.UNAVAILABLE
Transient error StatusCode.UNAVAILABLE encountered while exporting traces to localhost:4317, retrying in 0.99s.
Failed to export traces to localhost:4317, error code: StatusCode.UNAVAILABLE
Transient error StatusCode.UNAVAILABLE encountered while exporting traces to localhost:4317, retrying in 0.94s.
Failed to export traces to localhost:4317, error code: StatusCode.UNAVAILABLE
Transient error StatusCode.UNAVAILABLE encountered while exporting traces to localhost:4317, retrying in 0.94s.
Transient error StatusCode.UNAVAILABLE encountered while exporting traces to localhost:4317, retrying in 4.40s.
Failed to export traces to localhost:4317, error code: StatusCode.UNAVAILABLE
Transient error StatusCode.UNAVAILABLE encountered while exporting traces to localhost:4317, retrying in 0.94s.
Failed to export traces to localhost:4317, error code: StatusCode.UNAVAILABLE
Transient error StatusCode.UNAVAILABLE encountered while exporting traces to localhost:4317, retrying in 0.91s.
Failed to export traces to localhost:4317, error code: StatusCode.UNAVAILABLE
Transient error StatusCode.UNAVAILABLE encountered while exporting traces to localhost:4317, retrying in 0.94s.
Transient error StatusCode.UNAVAILABLE encountered while exporting traces to localhost:4317, retrying in 1.87s.
Failed to export traces to localhost:4317, error code: StatusCode.UNAVAILABLE
Transient error StatusCode.UNAVAILABLE encountered while exporting traces to localhost:4317, retrying in 1.15s.
Failed to export traces to localhost:4317, error code: StatusCode.UNAVAILABLE
Transient error StatusCode.UNAVAILABLE encountered while exporting traces to localhost:4317, retrying in 1.17s.
Failed to export traces to localhost:4317, error code: StatusCode.UNAVAILABLE
Transient error StatusCode.UNAVAILABLE encountered while exporting traces to localhost:4317, retrying in 1.15s.
Failed to export traces to localhost:4317, error code: StatusCode.UNAVAILABLE
Transient error StatusCode.UNAVAILABLE encountered while exporting traces to localhost:4317, retrying in 0.88s.
Transient error StatusCode.UNAVAILABLE encountered while exporting traces to localhost:4317, retrying in 1.83s.
Failed to export traces to localhost:4317, error code: StatusCode.UNAVAILABLE
Transient error StatusCode.UNAVAILABLE encountered while exporting traces to localhost:4317, retrying in 0.96s.
Failed to export traces to localhost:4317, error code: StatusCode.UNAVAILABLE
Transient error StatusCode.UNAVAILABLE encountered while exporting traces to localhost:4317, retrying in 0.92s.
Failed to export traces to localhost:4317, error code: StatusCode.UNAVAILABLE
Transient error StatusCode.UNAVAILABLE encountered while exporting traces to localhost:4317, retrying in 1.19s.
Failed to export traces to localhost:4317, error code: StatusCode.UNAVAILABLE
Transient error StatusCode.UNAVAILABLE encountered while exporting traces to localhost:4317, retrying in 1.12s.
Failed to export traces to localhost:4317, error code: StatusCode.UNAVAILABLE
Transient error StatusCode.UNAVAILABLE encountered while exporting traces to localhost:4317, retrying in 1.09s.
Failed to export traces to localhost:4317, error code: StatusCode.UNAVAILABLE
Transient error StatusCode.UNAVAILABLE encountered while exporting traces to localhost:4317, retrying in 0.88s.
Failed to export traces to localhost:4317, error code: StatusCode.UNAVAILABLE
Transient error StatusCode.UNAVAILABLE encountered while exporting traces to localhost:4317, retrying in 1.02s.
Failed to export traces to localhost:4317, error code: StatusCode.UNAVAILABLE
Transient error StatusCode.UNAVAILABLE encountered while exporting traces to localhost:4317, retrying in 0.86s.
Failed to export traces to localhost:4317, error code: StatusCode.UNAVAILABLE
Transient error StatusCode.UNAVAILABLE encountered while exporting traces to localhost:4317, retrying in 0.93s.
Failed to export traces to localhost:4317, error code: StatusCode.UNAVAILABLE
Transient error StatusCode.UNAVAILABLE encountered while exporting traces to localhost:4317, retrying in 1.06s.
Failed to export traces to localhost:4317, error code: StatusCode.UNAVAILABLE
Transient error StatusCode.UNAVAILABLE encountered while exporting traces to localhost:4317, retrying in 0.96s.
Failed to export traces to localhost:4317, error code: StatusCode.UNAVAILABLE
Transient error StatusCode.UNAVAILABLE encountered while exporting traces to localhost:4317, retrying in 0.84s.
Failed to export traces to localhost:4317, error code: StatusCode.UNAVAILABLE
Transient error StatusCode.UNAVAILABLE encountered while exporting traces to localhost:4317, retrying in 1.16s.
Transient error StatusCode.UNAVAILABLE encountered while exporting traces to localhost:4317, retrying in 3.55s.
Failed to export traces to localhost:4317, error code: StatusCode.UNAVAILABLE
Transient error StatusCode.UNAVAILABLE encountered while exporting traces to localhost:4317, retrying in 1.07s.
Failed to export traces to localhost:4317, error code: StatusCode.UNAVAILABLE
Transient error StatusCode.UNAVAILABLE encountered while exporting traces to localhost:4317, retrying in 1.09s.
Failed to export traces to localhost:4317, error code: StatusCode.UNAVAILABLE
Transient error StatusCode.UNAVAILABLE encountered while exporting traces to localhost:4317, retrying in 0.93s.
Failed to export traces to localhost:4317, error code: StatusCode.UNAVAILABLE
Transient error StatusCode.UNAVAILABLE encountered while exporting traces to localhost:4317, retrying in 0.80s.
Failed to export traces to localhost:4317, error code: StatusCode.UNAVAILABLE
Transient error StatusCode.UNAVAILABLE encountered while exporting traces to localhost:4317, retrying in 0.85s.
Failed to export traces to localhost:4317, error code: StatusCode.UNAVAILABLE
Transient error StatusCode.UNAVAILABLE encountered while exporting traces to localhost:4317, retrying in 0.90s.
Failed to export traces to localhost:4317, error code: StatusCode.UNAVAILABLE
Transient error StatusCode.UNAVAILABLE encountered while exporting traces to localhost:4317, retrying in 1.11s.
Failed to export traces to localhost:4317, error code: StatusCode.UNAVAILABLE
Transient error StatusCode.UNAVAILABLE encountered while exporting traces to localhost:4317, retrying in 0.90s.
Failed to export traces to localhost:4317, error code: StatusCode.UNAVAILABLE
Transient error StatusCode.UNAVAILABLE encountered while exporting traces to localhost:4317, retrying in 0.99s.
Failed to export traces to localhost:4317, error code: StatusCode.UNAVAILABLE
Transient error StatusCode.UNAVAILABLE encountered while exporting traces to localhost:4317, retrying in 0.81s.
Failed to export traces to localhost:4317, error code: StatusCode.UNAVAILABLE
Transient error StatusCode.UNAVAILABLE encountered while exporting traces to localhost:4317, retrying in 0.94s.
Failed to export traces to localhost:4317, error code: StatusCode.UNAVAILABLE
Transient error StatusCode.UNAVAILABLE encountered while exporting traces to localhost:4317, retrying in 1.06s.
Transient error StatusCode.UNAVAILABLE encountered while exporting traces to localhost:4317, retrying in 3.43s.
Failed to export traces to localhost:4317, error code: StatusCode.UNAVAILABLE
Transient error StatusCode.UNAVAILABLE encountered while exporting traces to localhost:4317, retrying in 0.85s.
Failed to export traces to localhost:4317, error code: StatusCode.UNAVAILABLE
Transient error StatusCode.UNAVAILABLE encountered while exporting traces to localhost:4317, retrying in 1.20s.
Failed to export traces to localhost:4317, error code: StatusCode.UNAVAILABLE
Transient error StatusCode.UNAVAILABLE encountered while exporting traces to localhost:4317, retrying in 1.17s.
Failed to export traces to localhost:4317, error code: StatusCode.UNAVAILABLE
Transient error StatusCode.UNAVAILABLE encountered while exporting traces to localhost:4317, retrying in 0.82s.
Failed to export traces to localhost:4317, error code: StatusCode.UNAVAILABLE
Transient error StatusCode.UNAVAILABLE encountered while exporting traces to localhost:4317, retrying in 1.18s.
Failed to export traces to localhost:4317, error code: StatusCode.UNAVAILABLE
Transient error StatusCode.UNAVAILABLE encountered while exporting traces to localhost:4317, retrying in 0.98s.
Failed to export traces to localhost:4317, error code: StatusCode.UNAVAILABLE
Transient error StatusCode.UNAVAILABLE encountered while exporting traces to localhost:4317, retrying in 1.08s.
Failed to export traces to localhost:4317, error code: StatusCode.UNAVAILABLE
Transient error StatusCode.UNAVAILABLE encountered while exporting traces to localhost:4317, retrying in 1.14s.
Failed to export traces to localhost:4317, error code: StatusCode.UNAVAILABLE
Transient error StatusCode.UNAVAILABLE encountered while exporting traces to localhost:4317, retrying in 0.88s.
Failed to export traces to localhost:4317, error code: StatusCode.UNAVAILABLE
Transient error StatusCode.UNAVAILABLE encountered while exporting traces to localhost:4317, retrying in 1.03s.
Failed to export traces to localhost:4317, error code: StatusCode.UNAVAILABLE
Transient error StatusCode.UNAVAILABLE encountered while exporting traces to localhost:4317, retrying in 1.12s.
Failed to export traces to localhost:4317, error code: StatusCode.UNAVAILABLE
Transient error StatusCode.UNAVAILABLE encountered while exporting traces to localhost:4317, retrying in 0.96s.
Failed to export traces to localhost:4317, error code: StatusCode.UNAVAILABLE
Transient error StatusCode.UNAVAILABLE encountered while exporting traces to localhost:4317, retrying in 0.97s.
Failed to export traces to localhost:4317, error code: StatusCode.UNAVAILABLE
Transient error StatusCode.UNAVAILABLE encountered while exporting traces to localhost:4317, retrying in 0.85s.
Failed to export traces to localhost:4317, error code: StatusCode.UNAVAILABLE
Transient error StatusCode.UNAVAILABLE encountered while exporting traces to localhost:4317, retrying in 0.88s.
Failed to export traces to localhost:4317, error code: StatusCode.UNAVAILABLE
Transient error StatusCode.UNAVAILABLE encountered while exporting traces to localhost:4317, retrying in 1.08s.
Failed to export traces to localhost:4317, error code: StatusCode.UNAVAILABLE
Transient error StatusCode.UNAVAILABLE encountered while exporting traces to localhost:4317, retrying in 0.99s.
Failed to export traces to localhost:4317, error code: StatusCode.UNAVAILABLE
Transient error StatusCode.UNAVAILABLE encountered while exporting traces to localhost:4317, retrying in 1.06s.
Failed to export traces to localhost:4317, error code: StatusCode.UNAVAILABLE
Transient error StatusCode.UNAVAILABLE encountered while exporting traces to localhost:4317, retrying in 1.13s.
Failed to export traces to localhost:4317, error code: StatusCode.UNAVAILABLE
Transient error StatusCode.UNAVAILABLE encountered while exporting traces to localhost:4317, retrying in 1.19s.
Failed to export traces to localhost:4317, error code: StatusCode.UNAVAILABLE
Transient error StatusCode.UNAVAILABLE encountered while exporting traces to localhost:4317, retrying in 0.97s.
Failed to export traces to localhost:4317, error code: StatusCode.UNAVAILABLE
Transient error StatusCode.UNAVAILABLE encountered while exporting traces to localhost:4317, retrying in 0.83s.
Failed to export traces to localhost:4317, error code: StatusCode.UNAVAILABLE
Transient error StatusCode.UNAVAILABLE encountered while exporting traces to localhost:4317, retrying in 0.85s.
Failed to export traces to localhost:4317, error code: StatusCode.UNAVAILABLE
Transient error StatusCode.UNAVAILABLE encountered while exporting traces to localhost:4317, retrying in 1.07s.
Failed to export traces to localhost:4317, error code: StatusCode.UNAVAILABLE
Transient error StatusCode.UNAVAILABLE encountered while exporting traces to localhost:4317, retrying in 1.02s.
Failed to export traces to localhost:4317, error code: StatusCode.UNAVAILABLE
Transient error StatusCode.UNAVAILABLE encountered while exporting traces to localhost:4317, retrying in 0.85s.
Failed to export traces to localhost:4317, error code: StatusCode.UNAVAILABLE
Transient error StatusCode.UNAVAILABLE encountered while exporting traces to localhost:4317, retrying in 1.19s.
Failed to export traces to localhost:4317, error code: StatusCode.UNAVAILABLE
Transient error StatusCode.UNAVAILABLE encountered while exporting traces to localhost:4317, retrying in 1.13s.
Failed to export traces to localhost:4317, error code: StatusCode.UNAVAILABLE
Transient error StatusCode.UNAVAILABLE encountered while exporting traces to localhost:4317, retrying in 0.84s.
Failed to export traces to localhost:4317, error code: StatusCode.UNAVAILABLE
Transient error StatusCode.UNAVAILABLE encountered while exporting traces to localhost:4317, retrying in 1.12s.
Failed to export traces to localhost:4317, error code: StatusCode.UNAVAILABLE
Transient error StatusCode.UNAVAILABLE encountered while exporting traces to localhost:4317, retrying in 0.84s.
Failed to export traces to localhost:4317, error code: StatusCode.UNAVAILABLE
Transient error StatusCode.UNAVAILABLE encountered while exporting traces to localhost:4317, retrying in 0.82s.
Failed to export traces to localhost:4317, error code: StatusCode.UNAVAILABLE
Transient error StatusCode.UNAVAILABLE encountered while exporting traces to localhost:4317, retrying in 0.92s.
Failed to export traces to localhost:4317, error code: StatusCode.UNAVAILABLE
Transient error StatusCode.UNAVAILABLE encountered while exporting traces to localhost:4317, retrying in 0.81s.
Failed to export traces to localhost:4317, error code: StatusCode.UNAVAILABLE
Transient error StatusCode.UNAVAILABLE encountered while exporting traces to localhost:4317, retrying in 0.86s.
Failed to export traces to localhost:4317, error code: StatusCode.UNAVAILABLE
Transient error StatusCode.UNAVAILABLE encountered while exporting traces to localhost:4317, retrying in 0.92s.
Failed to export traces to localhost:4317, error code: StatusCode.UNAVAILABLE
Transient error StatusCode.UNAVAILABLE encountered while exporting traces to localhost:4317, retrying in 0.87s.
Failed to export traces to localhost:4317, error code: StatusCode.UNAVAILABLE
Transient error StatusCode.UNAVAILABLE encountered while exporting traces to localhost:4317, retrying in 0.90s.
Failed to export traces to localhost:4317, error code: StatusCode.UNAVAILABLE
Transient error StatusCode.UNAVAILABLE encountered while exporting traces to localhost:4317, retrying in 0.83s.
Failed to export traces to localhost:4317, error code: StatusCode.UNAVAILABLE
Transient error StatusCode.UNAVAILABLE encountered while exporting traces to localhost:4317, retrying in 0.87s.
Failed to export traces to localhost:4317, error code: StatusCode.UNAVAILABLE
Transient error StatusCode.UNAVAILABLE encountered while exporting traces to localhost:4317, retrying in 1.17s.
Failed to export traces to localhost:4317, error code: StatusCode.UNAVAILABLE
Transient error StatusCode.UNAVAILABLE encountered while exporting traces to localhost:4317, retrying in 1.16s.
Failed to export traces to localhost:4317, error code: StatusCode.UNAVAILABLE
Transient error StatusCode.UNAVAILABLE encountered while exporting traces to localhost:4317, retrying in 1.20s.
Failed to export traces to localhost:4317, error code: StatusCode.UNAVAILABLE
Transient error StatusCode.UNAVAILABLE encountered while exporting traces to localhost:4317, retrying in 1.06s.
Transient error StatusCode.UNAVAILABLE encountered while exporting traces to localhost:4317, retrying in 3.71s.
Failed to export traces to localhost:4317, error code: StatusCode.UNAVAILABLE
Transient error StatusCode.UNAVAILABLE encountered while exporting traces to localhost:4317, retrying in 0.84s.
Failed to export traces to localhost:4317, error code: StatusCode.UNAVAILABLE
Transient error StatusCode.UNAVAILABLE encountered while exporting traces to localhost:4317, retrying in 1.18s.
Failed to export traces to localhost:4317, error code: StatusCode.UNAVAILABLE
Transient error StatusCode.UNAVAILABLE encountered while exporting traces to localhost:4317, retrying in 1.20s.
Transient error StatusCode.UNAVAILABLE encountered while exporting traces to localhost:4317, retrying in 2.38s.
Failed to export traces to localhost:4317, error code: StatusCode.UNAVAILABLE
Transient error StatusCode.UNAVAILABLE encountered while exporting traces to localhost:4317, retrying in 0.85s.
Failed to export traces to localhost:4317, error code: StatusCode.UNAVAILABLE
Transient error StatusCode.UNAVAILABLE encountered while exporting traces to localhost:4317, retrying in 1.17s.
Failed to export traces to localhost:4317, error code: StatusCode.UNAVAILABLE
Transient error StatusCode.UNAVAILABLE encountered while exporting traces to localhost:4317, retrying in 0.92s.
Failed to export traces to localhost:4317, error code: StatusCode.UNAVAILABLE
Transient error StatusCode.UNAVAILABLE encountered while exporting traces to localhost:4317, retrying in 1.02s.
Failed to export traces to localhost:4317, error code: StatusCode.UNAVAILABLE
Transient error StatusCode.UNAVAILABLE encountered while exporting traces to localhost:4317, retrying in 1.01s.
Transient error StatusCode.UNAVAILABLE encountered while exporting traces to localhost:4317, retrying in 4.40s.
Failed to export traces to localhost:4317, error code: StatusCode.UNAVAILABLE
Transient error StatusCode.UNAVAILABLE encountered while exporting traces to localhost:4317, retrying in 0.93s.
Failed to export traces to localhost:4317, error code: StatusCode.UNAVAILABLE
Transient error StatusCode.UNAVAILABLE encountered while exporting traces to localhost:4317, retrying in 1.01s.
Failed to export traces to localhost:4317, error code: StatusCode.UNAVAILABLE
Transient error StatusCode.UNAVAILABLE encountered while exporting traces to localhost:4317, retrying in 1.05s.
Transient error StatusCode.UNAVAILABLE encountered while exporting traces to localhost:4317, retrying in 2.39s.
Failed to export traces to localhost:4317, error code: StatusCode.UNAVAILABLE
Transient error StatusCode.UNAVAILABLE encountered while exporting traces to localhost:4317, retrying in 0.93s.
Failed to export traces to localhost:4317, error code: StatusCode.UNAVAILABLE
Transient error StatusCode.UNAVAILABLE encountered while exporting traces to localhost:4317, retrying in 0.95s.
Failed to export traces to localhost:4317, error code: StatusCode.UNAVAILABLE
Transient error StatusCode.UNAVAILABLE encountered while exporting traces to localhost:4317, retrying in 1.12s.
Failed to export traces to localhost:4317, error code: StatusCode.UNAVAILABLE
Transient error StatusCode.UNAVAILABLE encountered while exporting traces to localhost:4317, retrying in 1.14s.
Failed to export traces to localhost:4317, error code: StatusCode.UNAVAILABLE
Transient error StatusCode.UNAVAILABLE encountered while exporting traces to localhost:4317, retrying in 1.08s.
Failed to export traces to localhost:4317, error code: StatusCode.UNAVAILABLE
Transient error StatusCode.UNAVAILABLE encountered while exporting traces to localhost:4317, retrying in 1.19s.
Failed to export traces to localhost:4317, error code: StatusCode.UNAVAILABLE
Transient error StatusCode.UNAVAILABLE encountered while exporting traces to localhost:4317, retrying in 0.96s.
Failed to export traces to localhost:4317, error code: StatusCode.UNAVAILABLE
Transient error StatusCode.UNAVAILABLE encountered while exporting traces to localhost:4317, retrying in 0.86s.
Transient error StatusCode.UNAVAILABLE encountered while exporting traces to localhost:4317, retrying in 1.86s.
Failed to export traces to localhost:4317, error code: StatusCode.UNAVAILABLE
Transient error StatusCode.UNAVAILABLE encountered while exporting traces to localhost:4317, retrying in 1.14s.
Failed to export traces to localhost:4317, error code: StatusCode.UNAVAILABLE
Transient error StatusCode.UNAVAILABLE encountered while exporting traces to localhost:4317, retrying in 1.10s.
Failed to export traces to localhost:4317, error code: StatusCode.UNAVAILABLE
Transient error StatusCode.UNAVAILABLE encountered while exporting traces to localhost:4317, retrying in 1.17s.
Failed to export traces to localhost:4317, error code: StatusCode.UNAVAILABLE
Transient error StatusCode.UNAVAILABLE encountered while exporting traces to localhost:4317, retrying in 1.07s.
Failed to export traces to localhost:4317, error code: StatusCode.UNAVAILABLE
Transient error StatusCode.UNAVAILABLE encountered while exporting traces to localhost:4317, retrying in 1.05s.
Failed to export traces to localhost:4317, error code: StatusCode.UNAVAILABLE
Transient error StatusCode.UNAVAILABLE encountered while exporting traces to localhost:4317, retrying in 1.15s.
Failed to export traces to localhost:4317, error code: StatusCode.UNAVAILABLE
Transient error StatusCode.UNAVAILABLE encountered while exporting traces to localhost:4317, retrying in 1.05s.
Failed to export traces to localhost:4317, error code: StatusCode.UNAVAILABLE
Transient error StatusCode.UNAVAILABLE encountered while exporting traces to localhost:4317, retrying in 0.91s.
Failed to export traces to localhost:4317, error code: StatusCode.UNAVAILABLE
Transient error StatusCode.UNAVAILABLE encountered while exporting traces to localhost:4317, retrying in 0.96s.
Transient error StatusCode.UNAVAILABLE encountered while exporting traces to localhost:4317, retrying in 3.79s.
Failed to export traces to localhost:4317, error code: StatusCode.UNAVAILABLE
Transient error StatusCode.UNAVAILABLE encountered while exporting traces to localhost:4317, retrying in 0.88s.
Failed to export traces to localhost:4317, error code: StatusCode.UNAVAILABLE
Transient error StatusCode.UNAVAILABLE encountered while exporting traces to localhost:4317, retrying in 1.19s.
Failed to export traces to localhost:4317, error code: StatusCode.UNAVAILABLE
Transient error StatusCode.UNAVAILABLE encountered while exporting traces to localhost:4317, retrying in 1.04s.
Failed to export traces to localhost:4317, error code: StatusCode.UNAVAILABLE
Transient error StatusCode.UNAVAILABLE encountered while exporting traces to localhost:4317, retrying in 1.14s.
Failed to export traces to localhost:4317, error code: StatusCode.UNAVAILABLE
Transient error StatusCode.UNAVAILABLE encountered while exporting traces to localhost:4317, retrying in 0.82s.
Failed to export traces to localhost:4317, error code: StatusCode.UNAVAILABLE
Transient error StatusCode.UNAVAILABLE encountered while exporting traces to localhost:4317, retrying in 1.08s.
Failed to export traces to localhost:4317, error code: StatusCode.UNAVAILABLE
Transient error StatusCode.UNAVAILABLE encountered while exporting traces to localhost:4317, retrying in 1.11s.
Failed to export traces to localhost:4317, error code: StatusCode.UNAVAILABLE
Transient error StatusCode.UNAVAILABLE encountered while exporting traces to localhost:4317, retrying in 0.88s.
Transient error StatusCode.UNAVAILABLE encountered while exporting traces to localhost:4317, retrying in 3.48s.
Failed to export traces to localhost:4317, error code: StatusCode.UNAVAILABLE
Transient error StatusCode.UNAVAILABLE encountered while exporting traces to localhost:4317, retrying in 1.00s.
Failed to export traces to localhost:4317, error code: StatusCode.UNAVAILABLE
Transient error StatusCode.UNAVAILABLE encountered while exporting traces to localhost:4317, retrying in 1.04s.
Failed to export traces to localhost:4317, error code: StatusCode.UNAVAILABLE
Transient error StatusCode.UNAVAILABLE encountered while exporting traces to localhost:4317, retrying in 0.93s.
Failed to export traces to localhost:4317, error code: StatusCode.UNAVAILABLE
Transient error StatusCode.UNAVAILABLE encountered while exporting traces to localhost:4317, retrying in 1.03s.
Failed to export traces to localhost:4317, error code: StatusCode.UNAVAILABLE
Transient error StatusCode.UNAVAILABLE encountered while exporting traces to localhost:4317, retrying in 0.96s.
Failed to export traces to localhost:4317, error code: StatusCode.UNAVAILABLE
Transient error StatusCode.UNAVAILABLE encountered while exporting traces to localhost:4317, retrying in 0.89s.
Failed to export traces to localhost:4317, error code: StatusCode.UNAVAILABLE
Transient error StatusCode.UNAVAILABLE encountered while exporting traces to localhost:4317, retrying in 0.89s.
Failed to export traces to localhost:4317, error code: StatusCode.UNAVAILABLE
Transient error StatusCode.UNAVAILABLE encountered while exporting traces to localhost:4317, retrying in 0.94s.
Failed to export traces to localhost:4317, error code: StatusCode.UNAVAILABLE
Transient error StatusCode.UNAVAILABLE encountered while exporting traces to localhost:4317, retrying in 0.89s.
Failed to export traces to localhost:4317, error code: StatusCode.UNAVAILABLE
Transient error StatusCode.UNAVAILABLE encountered while exporting traces to localhost:4317, retrying in 1.13s.
Failed to export traces to localhost:4317, error code: StatusCode.UNAVAILABLE
Transient error StatusCode.UNAVAILABLE encountered while exporting traces to localhost:4317, retrying in 0.85s.
Failed to export traces to localhost:4317, error code: StatusCode.UNAVAILABLE
Transient error StatusCode.UNAVAILABLE encountered while exporting traces to localhost:4317, retrying in 0.86s.
Failed to export traces to localhost:4317, error code: StatusCode.UNAVAILABLE
Transient error StatusCode.UNAVAILABLE encountered while exporting traces to localhost:4317, retrying in 1.18s.
Failed to export traces to localhost:4317, error code: StatusCode.UNAVAILABLE
Transient error StatusCode.UNAVAILABLE encountered while exporting traces to localhost:4317, retrying in 0.95s.
Failed to export traces to localhost:4317, error code: StatusCode.UNAVAILABLE
Transient error StatusCode.UNAVAILABLE encountered while exporting traces to localhost:4317, retrying in 0.81s.
Failed to export traces to localhost:4317, error code: StatusCode.UNAVAILABLE
Transient error StatusCode.UNAVAILABLE encountered while exporting traces to localhost:4317, retrying in 1.07s.
Transient error StatusCode.UNAVAILABLE encountered while exporting traces to localhost:4317, retrying in 3.85s.
Failed to export traces to localhost:4317, error code: StatusCode.UNAVAILABLE
Transient error StatusCode.UNAVAILABLE encountered while exporting traces to localhost:4317, retrying in 1.10s.
Failed to export traces to localhost:4317, error code: StatusCode.UNAVAILABLE
Transient error StatusCode.UNAVAILABLE encountered while exporting traces to localhost:4317, retrying in 1.11s.
Failed to export traces to localhost:4317, error code: StatusCode.UNAVAILABLE
Transient error StatusCode.UNAVAILABLE encountered while exporting traces to localhost:4317, retrying in 0.84s.
Failed to export traces to localhost:4317, error code: StatusCode.UNAVAILABLE
Transient error StatusCode.UNAVAILABLE encountered while exporting traces to localhost:4317, retrying in 1.14s.
Transient error StatusCode.UNAVAILABLE encountered while exporting traces to localhost:4317, retrying in 3.53s.
Failed to export traces to localhost:4317, error code: StatusCode.UNAVAILABLE
Transient error StatusCode.UNAVAILABLE encountered while exporting traces to localhost:4317, retrying in 1.13s.
Failed to export traces to localhost:4317, error code: StatusCode.UNAVAILABLE
Transient error StatusCode.UNAVAILABLE encountered while exporting traces to localhost:4317, retrying in 0.89s.
Failed to export traces to localhost:4317, error code: StatusCode.UNAVAILABLE
Transient error StatusCode.UNAVAILABLE encountered while exporting traces to localhost:4317, retrying in 0.88s.
Transient error StatusCode.UNAVAILABLE encountered while exporting traces to localhost:4317, retrying in 1.74s.
Failed to export traces to localhost:4317, error code: StatusCode.UNAVAILABLE
Transient error StatusCode.UNAVAILABLE encountered while exporting traces to localhost:4317, retrying in 0.94s.
Failed to export traces to localhost:4317, error code: StatusCode.UNAVAILABLE
Transient error StatusCode.UNAVAILABLE encountered while exporting traces to localhost:4317, retrying in 1.04s.
Failed to export traces to localhost:4317, error code: StatusCode.UNAVAILABLE
Transient error StatusCode.UNAVAILABLE encountered while exporting traces to localhost:4317, retrying in 0.94s.
Failed to export traces to localhost:4317, error code: StatusCode.UNAVAILABLE
Transient error StatusCode.UNAVAILABLE encountered while exporting traces to localhost:4317, retrying in 1.11s.
Failed to export traces to localhost:4317, error code: StatusCode.UNAVAILABLE
Transient error StatusCode.UNAVAILABLE encountered while exporting traces to localhost:4317, retrying in 1.08s.
Failed to export traces to localhost:4317, error code: StatusCode.UNAVAILABLE
Transient error StatusCode.UNAVAILABLE encountered while exporting traces to localhost:4317, retrying in 1.17s.
Failed to export traces to localhost:4317, error code: StatusCode.UNAVAILABLE
Transient error StatusCode.UNAVAILABLE encountered while exporting traces to localhost:4317, retrying in 0.86s.
Failed to export traces to localhost:4317, error code: StatusCode.UNAVAILABLE
Transient error StatusCode.UNAVAILABLE encountered while exporting traces to localhost:4317, retrying in 0.91s.
Transient error StatusCode.UNAVAILABLE encountered while exporting traces to localhost:4317, retrying in 4.60s.
Failed to export traces to localhost:4317, error code: StatusCode.UNAVAILABLE
Transient error StatusCode.UNAVAILABLE encountered while exporting traces to localhost:4317, retrying in 1.18s.
Failed to export traces to localhost:4317, error code: StatusCode.UNAVAILABLE
Transient error StatusCode.UNAVAILABLE encountered while exporting traces to localhost:4317, retrying in 0.93s.
Failed to export traces to localhost:4317, error code: StatusCode.UNAVAILABLE
Transient error StatusCode.UNAVAILABLE encountered while exporting traces to localhost:4317, retrying in 0.93s.
Failed to export traces to localhost:4317, error code: StatusCode.UNAVAILABLE
Transient error StatusCode.UNAVAILABLE encountered while exporting traces to localhost:4317, retrying in 1.15s.
Failed to export traces to localhost:4317, error code: StatusCode.DEADLINE_EXCEEDED
Transient error StatusCode.UNAVAILABLE encountered while exporting traces to localhost:4317, retrying in 0.81s.
Failed to export traces to localhost:4317, error code: StatusCode.UNAVAILABLE
Transient error StatusCode.UNAVAILABLE encountered while exporting traces to localhost:4317, retrying in 1.06s.
Failed to export traces to localhost:4317, error code: StatusCode.UNAVAILABLE
Transient error StatusCode.UNAVAILABLE encountered while exporting traces to localhost:4317, retrying in 1.15s.
Transient error StatusCode.UNAVAILABLE encountered while exporting traces to localhost:4317, retrying in 3.59s.
Failed to export traces to localhost:4317, error code: StatusCode.UNAVAILABLE
Transient error StatusCode.UNAVAILABLE encountered while exporting traces to localhost:4317, retrying in 0.92s.
Failed to export traces to localhost:4317, error code: StatusCode.UNAVAILABLE
Transient error StatusCode.UNAVAILABLE encountered while exporting traces to localhost:4317, retrying in 1.13s.
Failed to export traces to localhost:4317, error code: StatusCode.UNAVAILABLE
Transient error StatusCode.UNAVAILABLE encountered while exporting traces to localhost:4317, retrying in 1.07s.
Failed to export traces to localhost:4317, error code: StatusCode.UNAVAILABLE
Transient error StatusCode.UNAVAILABLE encountered while exporting traces to localhost:4317, retrying in 1.10s.
Failed to export traces to localhost:4317, error code: StatusCode.UNAVAILABLE
Transient error StatusCode.UNAVAILABLE encountered while exporting traces to localhost:4317, retrying in 0.81s.
Failed to export traces to localhost:4317, error code: StatusCode.UNAVAILABLE
Transient error StatusCode.UNAVAILABLE encountered while exporting traces to localhost:4317, retrying in 0.91s.
Failed to export traces to localhost:4317, error code: StatusCode.UNAVAILABLE
Transient error StatusCode.UNAVAILABLE encountered while exporting traces to localhost:4317, retrying in 0.82s.
Failed to export traces to localhost:4317, error code: StatusCode.UNAVAILABLE
Transient error StatusCode.UNAVAILABLE encountered while exporting traces to localhost:4317, retrying in 0.97s.
Transient error StatusCode.UNAVAILABLE encountered while exporting traces to localhost:4317, retrying in 1.86s.
Failed to export traces to localhost:4317, error code: StatusCode.UNAVAILABLE
Transient error StatusCode.UNAVAILABLE encountered while exporting traces to localhost:4317, retrying in 1.07s.
Failed to export traces to localhost:4317, error code: StatusCode.UNAVAILABLE
Transient error StatusCode.UNAVAILABLE encountered while exporting traces to localhost:4317, retrying in 1.19s.
Failed to export traces to localhost:4317, error code: StatusCode.UNAVAILABLE
Transient error StatusCode.UNAVAILABLE encountered while exporting traces to localhost:4317, retrying in 1.12s.
Failed to export traces to localhost:4317, error code: StatusCode.UNAVAILABLE
Transient error StatusCode.UNAVAILABLE encountered while exporting traces to localhost:4317, retrying in 1.06s.
Transient error StatusCode.UNAVAILABLE encountered while exporting traces to localhost:4317, retrying in 2.00s.
Failed to export traces to localhost:4317, error code: StatusCode.UNAVAILABLE
Transient error StatusCode.UNAVAILABLE encountered while exporting traces to localhost:4317, retrying in 1.15s.
Failed to export traces to localhost:4317, error code: StatusCode.UNAVAILABLE
Transient error StatusCode.UNAVAILABLE encountered while exporting traces to localhost:4317, retrying in 1.00s.
Failed to export traces to localhost:4317, error code: StatusCode.UNAVAILABLE
Transient error StatusCode.UNAVAILABLE encountered while exporting traces to localhost:4317, retrying in 0.91s.
Failed to export traces to localhost:4317, error code: StatusCode.UNAVAILABLE
Transient error StatusCode.UNAVAILABLE encountered while exporting traces to localhost:4317, retrying in 0.93s.
Transient error StatusCode.UNAVAILABLE encountered while exporting traces to localhost:4317, retrying in 4.52s.
Failed to export traces to localhost:4317, error code: StatusCode.UNAVAILABLE
Transient error StatusCode.UNAVAILABLE encountered while exporting traces to localhost:4317, retrying in 1.09s.
Failed to export traces to localhost:4317, error code: StatusCode.UNAVAILABLE
Transient error StatusCode.UNAVAILABLE encountered while exporting traces to localhost:4317, retrying in 1.00s.
Failed to export traces to localhost:4317, error code: StatusCode.UNAVAILABLE
Transient error StatusCode.UNAVAILABLE encountered while exporting traces to localhost:4317, retrying in 1.16s.
Failed to export traces to localhost:4317, error code: StatusCode.UNAVAILABLE
Transient error StatusCode.UNAVAILABLE encountered while exporting traces to localhost:4317, retrying in 0.98s.
Transient error StatusCode.UNAVAILABLE encountered while exporting traces to localhost:4317, retrying in 4.64s.
Failed to export traces to localhost:4317, error code: StatusCode.UNAVAILABLE
Transient error StatusCode.UNAVAILABLE encountered while exporting traces to localhost:4317, retrying in 1.16s.
Failed to export traces to localhost:4317, error code: StatusCode.UNAVAILABLE
Transient error StatusCode.UNAVAILABLE encountered while exporting traces to localhost:4317, retrying in 0.97s.
Failed to export traces to localhost:4317, error code: StatusCode.UNAVAILABLE
Transient error StatusCode.UNAVAILABLE encountered while exporting traces to localhost:4317, retrying in 1.09s.
Failed to export traces to localhost:4317, error code: StatusCode.UNAVAILABLE
Transient error StatusCode.UNAVAILABLE encountered while exporting traces to localhost:4317, retrying in 0.89s.
Failed to export traces to localhost:4317, error code: StatusCode.UNAVAILABLE
Transient error StatusCode.UNAVAILABLE encountered while exporting traces to localhost:4317, retrying in 1.17s.
Failed to export traces to localhost:4317, error code: StatusCode.UNAVAILABLE
Transient error StatusCode.UNAVAILABLE encountered while exporting traces to localhost:4317, retrying in 1.06s.
Failed to export traces to localhost:4317, error code: StatusCode.UNAVAILABLE
Transient error StatusCode.UNAVAILABLE encountered while exporting traces to localhost:4317, retrying in 0.82s.
Failed to export traces to localhost:4317, error code: StatusCode.UNAVAILABLE
Transient error StatusCode.UNAVAILABLE encountered while exporting traces to localhost:4317, retrying in 0.87s.
Transient error StatusCode.UNAVAILABLE encountered while exporting traces to localhost:4317, retrying in 3.59s.
Failed to export traces to localhost:4317, error code: StatusCode.UNAVAILABLE
Transient error StatusCode.UNAVAILABLE encountered while exporting traces to localhost:4317, retrying in 1.18s.
Failed to export traces to localhost:4317, error code: StatusCode.UNAVAILABLE
Transient error StatusCode.UNAVAILABLE encountered while exporting traces to localhost:4317, retrying in 1.20s.
Failed to export traces to localhost:4317, error code: StatusCode.UNAVAILABLE
Transient error StatusCode.UNAVAILABLE encountered while exporting traces to localhost:4317, retrying in 0.89s.
Failed to export traces to localhost:4317, error code: StatusCode.UNAVAILABLE
Transient error StatusCode.UNAVAILABLE encountered while exporting traces to localhost:4317, retrying in 0.97s.
Failed to export traces to localhost:4317, error code: StatusCode.UNAVAILABLE
Transient error StatusCode.UNAVAILABLE encountered while exporting traces to localhost:4317, retrying in 0.84s.
Failed to export traces to localhost:4317, error code: StatusCode.UNAVAILABLE
Transient error StatusCode.UNAVAILABLE encountered while exporting traces to localhost:4317, retrying in 0.96s.
Failed to export traces to localhost:4317, error code: StatusCode.UNAVAILABLE
Transient error StatusCode.UNAVAILABLE encountered while exporting traces to localhost:4317, retrying in 1.12s.
Failed to export traces to localhost:4317, error code: StatusCode.UNAVAILABLE
Transient error StatusCode.UNAVAILABLE encountered while exporting traces to localhost:4317, retrying in 1.11s.
Transient error StatusCode.UNAVAILABLE encountered while exporting traces to localhost:4317, retrying in 1.77s.
Failed to export traces to localhost:4317, error code: StatusCode.UNAVAILABLE
Transient error StatusCode.UNAVAILABLE encountered while exporting traces to localhost:4317, retrying in 1.03s.
Failed to export traces to localhost:4317, error code: StatusCode.UNAVAILABLE
Transient error StatusCode.UNAVAILABLE encountered while exporting traces to localhost:4317, retrying in 0.92s.
Failed to export traces to localhost:4317, error code: StatusCode.UNAVAILABLE
Transient error StatusCode.UNAVAILABLE encountered while exporting traces to localhost:4317, retrying in 1.20s.
Failed to export traces to localhost:4317, error code: StatusCode.UNAVAILABLE
Transient error StatusCode.UNAVAILABLE encountered while exporting traces to localhost:4317, retrying in 1.13s.
Transient error StatusCode.UNAVAILABLE encountered while exporting traces to localhost:4317, retrying in 4.08s.
Failed to export traces to localhost:4317, error code: StatusCode.UNAVAILABLE
Transient error StatusCode.UNAVAILABLE encountered while exporting traces to localhost:4317, retrying in 1.19s.
Failed to export traces to localhost:4317, error code: StatusCode.UNAVAILABLE
Transient error StatusCode.UNAVAILABLE encountered while exporting traces to localhost:4317, retrying in 1.03s.
Failed to export traces to localhost:4317, error code: StatusCode.UNAVAILABLE
Transient error StatusCode.UNAVAILABLE encountered while exporting traces to localhost:4317, retrying in 0.87s.
Failed to export traces to localhost:4317, error code: StatusCode.UNAVAILABLE
Transient error StatusCode.UNAVAILABLE encountered while exporting traces to localhost:4317, retrying in 1.03s.
Failed to export traces to localhost:4317, error code: StatusCode.UNAVAILABLE
Transient error StatusCode.UNAVAILABLE encountered while exporting traces to localhost:4317, retrying in 1.10s.
Failed to export traces to localhost:4317, error code: StatusCode.UNAVAILABLE
Transient error StatusCode.UNAVAILABLE encountered while exporting traces to localhost:4317, retrying in 1.07s.
Failed to export traces to localhost:4317, error code: StatusCode.UNAVAILABLE
Transient error StatusCode.UNAVAILABLE encountered while exporting traces to localhost:4317, retrying in 1.05s.
Failed to export traces to localhost:4317, error code: StatusCode.UNAVAILABLE
Transient error StatusCode.UNAVAILABLE encountered while exporting traces to localhost:4317, retrying in 1.05s.
Transient error StatusCode.UNAVAILABLE encountered while exporting traces to localhost:4317, retrying in 1.72s.
Failed to export traces to localhost:4317, error code: StatusCode.UNAVAILABLE
Transient error StatusCode.UNAVAILABLE encountered while exporting traces to localhost:4317, retrying in 1.15s.
Failed to export traces to localhost:4317, error code: StatusCode.UNAVAILABLE
Transient error StatusCode.UNAVAILABLE encountered while exporting traces to localhost:4317, retrying in 1.17s.
Failed to export traces to localhost:4317, error code: StatusCode.UNAVAILABLE
Transient error StatusCode.UNAVAILABLE encountered while exporting traces to localhost:4317, retrying in 0.99s.
Failed to export traces to localhost:4317, error code: StatusCode.UNAVAILABLE
Transient error StatusCode.UNAVAILABLE encountered while exporting traces to localhost:4317, retrying in 1.02s.
Transient error StatusCode.UNAVAILABLE encountered while exporting traces to localhost:4317, retrying in 3.93s.
Failed to export traces to localhost:4317, error code: StatusCode.UNAVAILABLE
Transient error StatusCode.UNAVAILABLE encountered while exporting traces to localhost:4317, retrying in 1.20s.
Failed to export traces to localhost:4317, error code: StatusCode.UNAVAILABLE
Transient error StatusCode.UNAVAILABLE encountered while exporting traces to localhost:4317, retrying in 0.96s.
Failed to export traces to localhost:4317, error code: StatusCode.UNAVAILABLE
Transient error StatusCode.UNAVAILABLE encountered while exporting traces to localhost:4317, retrying in 0.84s.
Failed to export traces to localhost:4317, error code: StatusCode.UNAVAILABLE
Transient error StatusCode.UNAVAILABLE encountered while exporting traces to localhost:4317, retrying in 0.81s.
Failed to export traces to localhost:4317, error code: StatusCode.UNAVAILABLE
Transient error StatusCode.UNAVAILABLE encountered while exporting traces to localhost:4317, retrying in 1.04s.
Failed to export traces to localhost:4317, error code: StatusCode.UNAVAILABLE
Transient error StatusCode.UNAVAILABLE encountered while exporting traces to localhost:4317, retrying in 0.90s.
Failed to export traces to localhost:4317, error code: StatusCode.UNAVAILABLE
Transient error StatusCode.UNAVAILABLE encountered while exporting traces to localhost:4317, retrying in 0.95s.
Failed to export traces to localhost:4317, error code: StatusCode.UNAVAILABLE
Transient error StatusCode.UNAVAILABLE encountered while exporting traces to localhost:4317, retrying in 0.82s.
Transient error StatusCode.UNAVAILABLE encountered while exporting traces to localhost:4317, retrying in 1.88s.
Failed to export traces to localhost:4317, error code: StatusCode.UNAVAILABLE
Transient error StatusCode.UNAVAILABLE encountered while exporting traces to localhost:4317, retrying in 0.93s.
Failed to export traces to localhost:4317, error code: StatusCode.UNAVAILABLE
Transient error StatusCode.UNAVAILABLE encountered while exporting traces to localhost:4317, retrying in 0.88s.
Failed to export traces to localhost:4317, error code: StatusCode.UNAVAILABLE
Transient error StatusCode.UNAVAILABLE encountered while exporting traces to localhost:4317, retrying in 0.80s.
Failed to export traces to localhost:4317, error code: StatusCode.UNAVAILABLE
Transient error StatusCode.UNAVAILABLE encountered while exporting traces to localhost:4317, retrying in 0.93s.
Failed to export traces to localhost:4317, error code: StatusCode.UNAVAILABLE
Transient error StatusCode.UNAVAILABLE encountered while exporting traces to localhost:4317, retrying in 0.95s.
Failed to export traces to localhost:4317, error code: StatusCode.UNAVAILABLE
Transient error StatusCode.UNAVAILABLE encountered while exporting traces to localhost:4317, retrying in 1.02s.
Failed to export traces to localhost:4317, error code: StatusCode.UNAVAILABLE
Transient error StatusCode.UNAVAILABLE encountered while exporting traces to localhost:4317, retrying in 1.11s.
Failed to export traces to localhost:4317, error code: StatusCode.UNAVAILABLE
Transient error StatusCode.UNAVAILABLE encountered while exporting traces to localhost:4317, retrying in 1.20s.
Transient error StatusCode.UNAVAILABLE encountered while exporting traces to localhost:4317, retrying in 1.96s.
Failed to export traces to localhost:4317, error code: StatusCode.UNAVAILABLE
Transient error StatusCode.UNAVAILABLE encountered while exporting traces to localhost:4317, retrying in 0.95s.
Failed to export traces to localhost:4317, error code: StatusCode.UNAVAILABLE
Transient error StatusCode.UNAVAILABLE encountered while exporting traces to localhost:4317, retrying in 0.99s.
Failed to export traces to localhost:4317, error code: StatusCode.UNAVAILABLE
Transient error StatusCode.UNAVAILABLE encountered while exporting traces to localhost:4317, retrying in 1.05s.
Failed to export traces to localhost:4317, error code: StatusCode.UNAVAILABLE
Transient error StatusCode.UNAVAILABLE encountered while exporting traces to localhost:4317, retrying in 1.19s.
Transient error StatusCode.UNAVAILABLE encountered while exporting traces to localhost:4317, retrying in 4.78s.
Failed to export traces to localhost:4317, error code: StatusCode.UNAVAILABLE
Transient error StatusCode.UNAVAILABLE encountered while exporting traces to localhost:4317, retrying in 0.88s.
Failed to export traces to localhost:4317, error code: StatusCode.UNAVAILABLE
Transient error StatusCode.UNAVAILABLE encountered while exporting traces to localhost:4317, retrying in 0.80s.
Failed to export traces to localhost:4317, error code: StatusCode.UNAVAILABLE
Transient error StatusCode.UNAVAILABLE encountered while exporting traces to localhost:4317, retrying in 0.95s.
Failed to export traces to localhost:4317, error code: StatusCode.UNAVAILABLE
Transient error StatusCode.UNAVAILABLE encountered while exporting traces to localhost:4317, retrying in 1.19s.
Failed to export traces to localhost:4317, error code: StatusCode.UNAVAILABLE
Transient error StatusCode.UNAVAILABLE encountered while exporting traces to localhost:4317, retrying in 1.07s.
Failed to export traces to localhost:4317, error code: StatusCode.UNAVAILABLE
Transient error StatusCode.UNAVAILABLE encountered while exporting traces to localhost:4317, retrying in 1.15s.
Failed to export traces to localhost:4317, error code: StatusCode.UNAVAILABLE
Transient error StatusCode.UNAVAILABLE encountered while exporting traces to localhost:4317, retrying in 0.89s.
Failed to export traces to localhost:4317, error code: StatusCode.UNAVAILABLE
Transient error StatusCode.UNAVAILABLE encountered while exporting traces to localhost:4317, retrying in 0.82s.
Failed to export traces to localhost:4317, error code: StatusCode.UNAVAILABLE
Transient error StatusCode.UNAVAILABLE encountered while exporting traces to localhost:4317, retrying in 1.15s.
Failed to export traces to localhost:4317, error code: StatusCode.UNAVAILABLE
Transient error StatusCode.UNAVAILABLE encountered while exporting traces to localhost:4317, retrying in 0.99s.
Failed to export traces to localhost:4317, error code: StatusCode.UNAVAILABLE
Transient error StatusCode.UNAVAILABLE encountered while exporting traces to localhost:4317, retrying in 0.96s.
Failed to export traces to localhost:4317, error code: StatusCode.UNAVAILABLE
Transient error StatusCode.UNAVAILABLE encountered while exporting traces to localhost:4317, retrying in 1.04s.
Transient error StatusCode.UNAVAILABLE encountered while exporting traces to localhost:4317, retrying in 2.16s.
Failed to export traces to localhost:4317, error code: StatusCode.UNAVAILABLE
Transient error StatusCode.UNAVAILABLE encountered while exporting traces to localhost:4317, retrying in 0.85s.
Failed to export traces to localhost:4317, error code: StatusCode.UNAVAILABLE
Transient error StatusCode.UNAVAILABLE encountered while exporting traces to localhost:4317, retrying in 0.94s.
Failed to export traces to localhost:4317, error code: StatusCode.UNAVAILABLE
Transient error StatusCode.UNAVAILABLE encountered while exporting traces to localhost:4317, retrying in 0.96s.
Failed to export traces to localhost:4317, error code: StatusCode.UNAVAILABLE
Transient error StatusCode.UNAVAILABLE encountered while exporting traces to localhost:4317, retrying in 0.87s.
Failed to export traces to localhost:4317, error code: StatusCode.UNAVAILABLE
Transient error StatusCode.UNAVAILABLE encountered while exporting traces to localhost:4317, retrying in 1.04s.
Failed to export traces to localhost:4317, error code: StatusCode.UNAVAILABLE
Transient error StatusCode.UNAVAILABLE encountered while exporting traces to localhost:4317, retrying in 0.81s.
Failed to export traces to localhost:4317, error code: StatusCode.UNAVAILABLE
Transient error StatusCode.UNAVAILABLE encountered while exporting traces to localhost:4317, retrying in 1.09s.
Failed to export traces to localhost:4317, error code: StatusCode.UNAVAILABLE
Transient error StatusCode.UNAVAILABLE encountered while exporting traces to localhost:4317, retrying in 1.08s.
Failed to export traces to localhost:4317, error code: StatusCode.UNAVAILABLE
Transient error StatusCode.UNAVAILABLE encountered while exporting traces to localhost:4317, retrying in 0.99s.
Failed to export traces to localhost:4317, error code: StatusCode.UNAVAILABLE
Transient error StatusCode.UNAVAILABLE encountered while exporting traces to localhost:4317, retrying in 0.98s.
Failed to export traces to localhost:4317, error code: StatusCode.UNAVAILABLE
Transient error StatusCode.UNAVAILABLE encountered while exporting traces to localhost:4317, retrying in 1.06s.
Failed to export traces to localhost:4317, error code: StatusCode.UNAVAILABLE
Transient error StatusCode.UNAVAILABLE encountered while exporting traces to localhost:4317, retrying in 1.00s.
Failed to export traces to localhost:4317, error code: StatusCode.UNAVAILABLE
Transient error StatusCode.UNAVAILABLE encountered while exporting traces to localhost:4317, retrying in 1.03s.
Failed to export traces to localhost:4317, error code: StatusCode.UNAVAILABLE
Transient error StatusCode.UNAVAILABLE encountered while exporting traces to localhost:4317, retrying in 1.14s.
Failed to export traces to localhost:4317, error code: StatusCode.UNAVAILABLE
Transient error StatusCode.UNAVAILABLE encountered while exporting traces to localhost:4317, retrying in 0.80s.
Failed to export traces to localhost:4317, error code: StatusCode.UNAVAILABLE
Transient error StatusCode.UNAVAILABLE encountered while exporting traces to localhost:4317, retrying in 1.10s.
Transient error StatusCode.UNAVAILABLE encountered while exporting traces to localhost:4317, retrying in 3.23s.
Failed to export traces to localhost:4317, error code: StatusCode.UNAVAILABLE
Transient error StatusCode.UNAVAILABLE encountered while exporting traces to localhost:4317, retrying in 0.89s.
Failed to export traces to localhost:4317, error code: StatusCode.UNAVAILABLE
Transient error StatusCode.UNAVAILABLE encountered while exporting traces to localhost:4317, retrying in 0.87s.
Failed to export traces to localhost:4317, error code: StatusCode.UNAVAILABLE
Transient error StatusCode.UNAVAILABLE encountered while exporting traces to localhost:4317, retrying in 0.84s.
Failed to export traces to localhost:4317, error code: StatusCode.UNAVAILABLE
Transient error StatusCode.UNAVAILABLE encountered while exporting traces to localhost:4317, retrying in 0.86s.
Failed to export traces to localhost:4317, error code: StatusCode.UNAVAILABLE
Transient error StatusCode.UNAVAILABLE encountered while exporting traces to localhost:4317, retrying in 1.14s.
Failed to export traces to localhost:4317, error code: StatusCode.UNAVAILABLE
Transient error StatusCode.UNAVAILABLE encountered while exporting traces to localhost:4317, retrying in 0.95s.
Failed to export traces to localhost:4317, error code: StatusCode.UNAVAILABLE
Transient error StatusCode.UNAVAILABLE encountered while exporting traces to localhost:4317, retrying in 0.83s.
Failed to export traces to localhost:4317, error code: StatusCode.UNAVAILABLE
Transient error StatusCode.UNAVAILABLE encountered while exporting traces to localhost:4317, retrying in 1.14s.
Failed to export traces to localhost:4317, error code: StatusCode.UNAVAILABLE
Transient error StatusCode.UNAVAILABLE encountered while exporting traces to localhost:4317, retrying in 0.93s.
Failed to export traces to localhost:4317, error code: StatusCode.UNAVAILABLE
Transient error StatusCode.UNAVAILABLE encountered while exporting traces to localhost:4317, retrying in 0.97s.
Failed to export traces to localhost:4317, error code: StatusCode.UNAVAILABLE
Transient error StatusCode.UNAVAILABLE encountered while exporting traces to localhost:4317, retrying in 0.89s.
Failed to export traces to localhost:4317, error code: StatusCode.UNAVAILABLE
Transient error StatusCode.UNAVAILABLE encountered while exporting traces to localhost:4317, retrying in 0.84s.
Transient error StatusCode.UNAVAILABLE encountered while exporting traces to localhost:4317, retrying in 3.92s.
Failed to export traces to localhost:4317, error code: StatusCode.UNAVAILABLE
Transient error StatusCode.UNAVAILABLE encountered while exporting traces to localhost:4317, retrying in 0.86s.
Failed to export traces to localhost:4317, error code: StatusCode.UNAVAILABLE
Transient error StatusCode.UNAVAILABLE encountered while exporting traces to localhost:4317, retrying in 1.12s.
Failed to export traces to localhost:4317, error code: StatusCode.UNAVAILABLE
Transient error StatusCode.UNAVAILABLE encountered while exporting traces to localhost:4317, retrying in 1.02s.
Failed to export traces to localhost:4317, error code: StatusCode.UNAVAILABLE
Transient error StatusCode.UNAVAILABLE encountered while exporting traces to localhost:4317, retrying in 1.20s.
Failed to export traces to localhost:4317, error code: StatusCode.UNAVAILABLE
Transient error StatusCode.UNAVAILABLE encountered while exporting traces to localhost:4317, retrying in 1.10s.
Failed to export traces to localhost:4317, error code: StatusCode.UNAVAILABLE
Transient error StatusCode.UNAVAILABLE encountered while exporting traces to localhost:4317, retrying in 0.96s.
Failed to export traces to localhost:4317, error code: StatusCode.UNAVAILABLE
Transient error StatusCode.UNAVAILABLE encountered while exporting traces to localhost:4317, retrying in 0.96s.
Failed to export traces to localhost:4317, error code: StatusCode.UNAVAILABLE
Transient error StatusCode.UNAVAILABLE encountered while exporting traces to localhost:4317, retrying in 1.17s.
Transient error StatusCode.UNAVAILABLE encountered while exporting traces to localhost:4317, retrying in 2.02s.
Failed to export traces to localhost:4317, error code: StatusCode.UNAVAILABLE
Transient error StatusCode.UNAVAILABLE encountered while exporting traces to localhost:4317, retrying in 1.08s.
Failed to export traces to localhost:4317, error code: StatusCode.UNAVAILABLE
Transient error StatusCode.UNAVAILABLE encountered while exporting traces to localhost:4317, retrying in 1.14s.
Failed to export traces to localhost:4317, error code: StatusCode.UNAVAILABLE
Transient error StatusCode.UNAVAILABLE encountered while exporting traces to localhost:4317, retrying in 0.86s.
Failed to export traces to localhost:4317, error code: StatusCode.UNAVAILABLE
Transient error StatusCode.UNAVAILABLE encountered while exporting traces to localhost:4317, retrying in 1.17s.
Transient error StatusCode.UNAVAILABLE encountered while exporting traces to localhost:4317, retrying in 2.13s.
Failed to export traces to localhost:4317, error code: StatusCode.UNAVAILABLE
Transient error StatusCode.UNAVAILABLE encountered while exporting traces to localhost:4317, retrying in 0.92s.
Failed to export traces to localhost:4317, error code: StatusCode.UNAVAILABLE
Transient error StatusCode.UNAVAILABLE encountered while exporting traces to localhost:4317, retrying in 1.19s.
Failed to export traces to localhost:4317, error code: StatusCode.UNAVAILABLE
Transient error StatusCode.UNAVAILABLE encountered while exporting traces to localhost:4317, retrying in 1.05s.
Failed to export traces to localhost:4317, error code: StatusCode.UNAVAILABLE
Transient error StatusCode.UNAVAILABLE encountered while exporting traces to localhost:4317, retrying in 1.14s.
Failed to export traces to localhost:4317, error code: StatusCode.UNAVAILABLE
Transient error StatusCode.UNAVAILABLE encountered while exporting traces to localhost:4317, retrying in 0.90s.
Failed to export traces to localhost:4317, error code: StatusCode.UNAVAILABLE
Transient error StatusCode.UNAVAILABLE encountered while exporting traces to localhost:4317, retrying in 0.99s.
Failed to export traces to localhost:4317, error code: StatusCode.UNAVAILABLE
Transient error StatusCode.UNAVAILABLE encountered while exporting traces to localhost:4317, retrying in 1.08s.
Failed to export traces to localhost:4317, error code: StatusCode.UNAVAILABLE
Transient error StatusCode.UNAVAILABLE encountered while exporting traces to localhost:4317, retrying in 1.06s.
Failed to export traces to localhost:4317, error code: StatusCode.UNAVAILABLE
Transient error StatusCode.UNAVAILABLE encountered while exporting traces to localhost:4317, retrying in 0.95s.
Failed to export traces to localhost:4317, error code: StatusCode.UNAVAILABLE
Transient error StatusCode.UNAVAILABLE encountered while exporting traces to localhost:4317, retrying in 1.00s.
Failed to export traces to localhost:4317, error code: StatusCode.UNAVAILABLE
Transient error StatusCode.UNAVAILABLE encountered while exporting traces to localhost:4317, retrying in 0.87s.
Failed to export traces to localhost:4317, error code: StatusCode.UNAVAILABLE
Transient error StatusCode.UNAVAILABLE encountered while exporting traces to localhost:4317, retrying in 0.92s.
Failed to export traces to localhost:4317, error code: StatusCode.UNAVAILABLE
Transient error StatusCode.UNAVAILABLE encountered while exporting traces to localhost:4317, retrying in 1.18s.
Failed to export traces to localhost:4317, error code: StatusCode.UNAVAILABLE
Transient error StatusCode.UNAVAILABLE encountered while exporting traces to localhost:4317, retrying in 0.80s.
Failed to export traces to localhost:4317, error code: StatusCode.UNAVAILABLE
Transient error StatusCode.UNAVAILABLE encountered while exporting traces to localhost:4317, retrying in 0.93s.
Failed to export traces to localhost:4317, error code: StatusCode.UNAVAILABLE
Transient error StatusCode.UNAVAILABLE encountered while exporting traces to localhost:4317, retrying in 0.97s.
Transient error StatusCode.UNAVAILABLE encountered while exporting traces to localhost:4317, retrying in 2.26s.
Failed to export traces to localhost:4317, error code: StatusCode.UNAVAILABLE
Transient error StatusCode.UNAVAILABLE encountered while exporting traces to localhost:4317, retrying in 1.20s.
Failed to export traces to localhost:4317, error code: StatusCode.UNAVAILABLE
Transient error StatusCode.UNAVAILABLE encountered while exporting traces to localhost:4317, retrying in 0.86s.
Failed to export traces to localhost:4317, error code: StatusCode.UNAVAILABLE
Transient error StatusCode.UNAVAILABLE encountered while exporting traces to localhost:4317, retrying in 1.12s.
Failed to export traces to localhost:4317, error code: StatusCode.UNAVAILABLE
Transient error StatusCode.UNAVAILABLE encountered while exporting traces to localhost:4317, retrying in 1.01s.
Failed to export traces to localhost:4317, error code: StatusCode.UNAVAILABLE
Transient error StatusCode.UNAVAILABLE encountered while exporting traces to localhost:4317, retrying in 0.81s.
Failed to export traces to localhost:4317, error code: StatusCode.UNAVAILABLE
Transient error StatusCode.UNAVAILABLE encountered while exporting traces to localhost:4317, retrying in 0.95s.
Failed to export traces to localhost:4317, error code: StatusCode.UNAVAILABLE
Transient error StatusCode.UNAVAILABLE encountered while exporting traces to localhost:4317, retrying in 0.89s.
Failed to export traces to localhost:4317, error code: StatusCode.UNAVAILABLE
Transient error StatusCode.UNAVAILABLE encountered while exporting traces to localhost:4317, retrying in 0.85s.
Transient error StatusCode.UNAVAILABLE encountered while exporting traces to localhost:4317, retrying in 4.30s.
Failed to export traces to localhost:4317, error code: StatusCode.UNAVAILABLE
Transient error StatusCode.UNAVAILABLE encountered while exporting traces to localhost:4317, retrying in 0.86s.
Failed to export traces to localhost:4317, error code: StatusCode.UNAVAILABLE
Transient error StatusCode.UNAVAILABLE encountered while exporting traces to localhost:4317, retrying in 0.86s.
Failed to export traces to localhost:4317, error code: StatusCode.UNAVAILABLE
Transient error StatusCode.UNAVAILABLE encountered while exporting traces to localhost:4317, retrying in 0.98s.
Failed to export traces to localhost:4317, error code: StatusCode.UNAVAILABLE
Transient error StatusCode.UNAVAILABLE encountered while exporting traces to localhost:4317, retrying in 1.15s.
Transient error StatusCode.UNAVAILABLE encountered while exporting traces to localhost:4317, retrying in 4.15s.
Failed to export traces to localhost:4317, error code: StatusCode.UNAVAILABLE
Transient error StatusCode.UNAVAILABLE encountered while exporting traces to localhost:4317, retrying in 1.04s.
Failed to export traces to localhost:4317, error code: StatusCode.UNAVAILABLE
Transient error StatusCode.UNAVAILABLE encountered while exporting traces to localhost:4317, retrying in 1.02s.
Failed to export traces to localhost:4317, error code: StatusCode.UNAVAILABLE
Transient error StatusCode.UNAVAILABLE encountered while exporting traces to localhost:4317, retrying in 0.86s.
Failed to export traces to localhost:4317, error code: StatusCode.UNAVAILABLE
Transient error StatusCode.UNAVAILABLE encountered while exporting traces to localhost:4317, retrying in 0.82s.
Failed to export traces to localhost:4317, error code: StatusCode.UNAVAILABLE
Transient error StatusCode.UNAVAILABLE encountered while exporting traces to localhost:4317, retrying in 0.88s.
Failed to export traces to localhost:4317, error code: StatusCode.UNAVAILABLE
Transient error StatusCode.UNAVAILABLE encountered while exporting traces to localhost:4317, retrying in 0.94s.
Failed to export traces to localhost:4317, error code: StatusCode.UNAVAILABLE
Transient error StatusCode.UNAVAILABLE encountered while exporting traces to localhost:4317, retrying in 1.13s.
Failed to export traces to localhost:4317, error code: StatusCode.UNAVAILABLE
Transient error StatusCode.UNAVAILABLE encountered while exporting traces to localhost:4317, retrying in 0.99s.
Transient error StatusCode.UNAVAILABLE encountered while exporting traces to localhost:4317, retrying in 3.46s.
Failed to export traces to localhost:4317, error code: StatusCode.UNAVAILABLE
Transient error StatusCode.UNAVAILABLE encountered while exporting traces to localhost:4317, retrying in 0.94s.
Failed to export traces to localhost:4317, error code: StatusCode.UNAVAILABLE
Transient error StatusCode.UNAVAILABLE encountered while exporting traces to localhost:4317, retrying in 1.09s.
Failed to export traces to localhost:4317, error code: StatusCode.UNAVAILABLE
Transient error StatusCode.UNAVAILABLE encountered while exporting traces to localhost:4317, retrying in 1.00s.
Failed to export traces to localhost:4317, error code: StatusCode.UNAVAILABLE
Transient error StatusCode.UNAVAILABLE encountered while exporting traces to localhost:4317, retrying in 1.16s.
Failed to export traces to localhost:4317, error code: StatusCode.UNAVAILABLE
Transient error StatusCode.UNAVAILABLE encountered while exporting traces to localhost:4317, retrying in 1.01s.
Failed to export traces to localhost:4317, error code: StatusCode.UNAVAILABLE
Transient error StatusCode.UNAVAILABLE encountered while exporting traces to localhost:4317, retrying in 0.94s.
Failed to export traces to localhost:4317, error code: StatusCode.UNAVAILABLE
Transient error StatusCode.UNAVAILABLE encountered while exporting traces to localhost:4317, retrying in 0.86s.
Failed to export traces to localhost:4317, error code: StatusCode.UNAVAILABLE
Transient error StatusCode.UNAVAILABLE encountered while exporting traces to localhost:4317, retrying in 0.86s.
Transient error StatusCode.UNAVAILABLE encountered while exporting traces to localhost:4317, retrying in 2.16s.
Failed to export traces to localhost:4317, error code: StatusCode.UNAVAILABLE
Transient error StatusCode.UNAVAILABLE encountered while exporting traces to localhost:4317, retrying in 0.93s.
Failed to export traces to localhost:4317, error code: StatusCode.UNAVAILABLE
Transient error StatusCode.UNAVAILABLE encountered while exporting traces to localhost:4317, retrying in 0.83s.
Failed to export traces to localhost:4317, error code: StatusCode.UNAVAILABLE
Transient error StatusCode.UNAVAILABLE encountered while exporting traces to localhost:4317, retrying in 1.00s.
Failed to export traces to localhost:4317, error code: StatusCode.UNAVAILABLE
Transient error StatusCode.UNAVAILABLE encountered while exporting traces to localhost:4317, retrying in 0.87s.
Transient error StatusCode.UNAVAILABLE encountered while exporting traces to localhost:4317, retrying in 3.25s.
Failed to export traces to localhost:4317, error code: StatusCode.UNAVAILABLE
Transient error StatusCode.UNAVAILABLE encountered while exporting traces to localhost:4317, retrying in 1.14s.
Failed to export traces to localhost:4317, error code: StatusCode.UNAVAILABLE
Transient error StatusCode.UNAVAILABLE encountered while exporting traces to localhost:4317, retrying in 1.04s.
Failed to export traces to localhost:4317, error code: StatusCode.UNAVAILABLE
Transient error StatusCode.UNAVAILABLE encountered while exporting traces to localhost:4317, retrying in 0.85s.
Failed to export traces to localhost:4317, error code: StatusCode.UNAVAILABLE
Transient error StatusCode.UNAVAILABLE encountered while exporting traces to localhost:4317, retrying in 1.09s.
Failed to export traces to localhost:4317, error code: StatusCode.UNAVAILABLE
Transient error StatusCode.UNAVAILABLE encountered while exporting traces to localhost:4317, retrying in 1.17s.
Failed to export traces to localhost:4317, error code: StatusCode.UNAVAILABLE
Transient error StatusCode.UNAVAILABLE encountered while exporting traces to localhost:4317, retrying in 0.80s.
Failed to export traces to localhost:4317, error code: StatusCode.UNAVAILABLE
Transient error StatusCode.UNAVAILABLE encountered while exporting traces to localhost:4317, retrying in 0.97s.
Failed to export traces to localhost:4317, error code: StatusCode.UNAVAILABLE
Transient error StatusCode.UNAVAILABLE encountered while exporting traces to localhost:4317, retrying in 1.18s.
Failed to export traces to localhost:4317, error code: StatusCode.UNAVAILABLE
Transient error StatusCode.UNAVAILABLE encountered while exporting traces to localhost:4317, retrying in 1.04s.
Failed to export traces to localhost:4317, error code: StatusCode.UNAVAILABLE
Transient error StatusCode.UNAVAILABLE encountered while exporting traces to localhost:4317, retrying in 0.92s.
Failed to export traces to localhost:4317, error code: StatusCode.UNAVAILABLE
Transient error StatusCode.UNAVAILABLE encountered while exporting traces to localhost:4317, retrying in 1.15s.
Failed to export traces to localhost:4317, error code: StatusCode.UNAVAILABLE
Transient error StatusCode.UNAVAILABLE encountered while exporting traces to localhost:4317, retrying in 1.20s.
Transient error StatusCode.UNAVAILABLE encountered while exporting traces to localhost:4317, retrying in 4.39s.
Failed to export traces to localhost:4317, error code: StatusCode.UNAVAILABLE
Transient error StatusCode.UNAVAILABLE encountered while exporting traces to localhost:4317, retrying in 1.16s.
Failed to export traces to localhost:4317, error code: StatusCode.UNAVAILABLE
Transient error StatusCode.UNAVAILABLE encountered while exporting traces to localhost:4317, retrying in 1.19s.
Failed to export traces to localhost:4317, error code: StatusCode.UNAVAILABLE
Transient error StatusCode.UNAVAILABLE encountered while exporting traces to localhost:4317, retrying in 1.09s.
Failed to export traces to localhost:4317, error code: StatusCode.UNAVAILABLE
Transient error StatusCode.UNAVAILABLE encountered while exporting traces to localhost:4317, retrying in 1.01s.
Transient error StatusCode.UNAVAILABLE encountered while exporting traces to localhost:4317, retrying in 3.82s.
Failed to export traces to localhost:4317, error code: StatusCode.UNAVAILABLE
Transient error StatusCode.UNAVAILABLE encountered while exporting traces to localhost:4317, retrying in 1.01s.
Failed to export traces to localhost:4317, error code: StatusCode.UNAVAILABLE
Transient error StatusCode.UNAVAILABLE encountered while exporting traces to localhost:4317, retrying in 1.16s.
Failed to export traces to localhost:4317, error code: StatusCode.UNAVAILABLE
Transient error StatusCode.UNAVAILABLE encountered while exporting traces to localhost:4317, retrying in 1.09s.
Failed to export traces to localhost:4317, error code: StatusCode.UNAVAILABLE
Transient error StatusCode.UNAVAILABLE encountered while exporting traces to localhost:4317, retrying in 0.95s.
Transient error StatusCode.UNAVAILABLE encountered while exporting traces to localhost:4317, retrying in 4.44s.
Failed to export traces to localhost:4317, error code: StatusCode.UNAVAILABLE
Transient error StatusCode.UNAVAILABLE encountered while exporting traces to localhost:4317, retrying in 1.06s.
Failed to export traces to localhost:4317, error code: StatusCode.UNAVAILABLE
Transient error StatusCode.UNAVAILABLE encountered while exporting traces to localhost:4317, retrying in 0.99s.
Failed to export traces to localhost:4317, error code: StatusCode.UNAVAILABLE
Transient error StatusCode.UNAVAILABLE encountered while exporting traces to localhost:4317, retrying in 0.81s.
Failed to export traces to localhost:4317, error code: StatusCode.UNAVAILABLE
Transient error StatusCode.UNAVAILABLE encountered while exporting traces to localhost:4317, retrying in 1.03s.
Transient error StatusCode.UNAVAILABLE encountered while exporting traces to localhost:4317, retrying in 2.35s.
Failed to export traces to localhost:4317, error code: StatusCode.UNAVAILABLE
Transient error StatusCode.UNAVAILABLE encountered while exporting traces to localhost:4317, retrying in 1.08s.
Failed to export traces to localhost:4317, error code: StatusCode.UNAVAILABLE
Transient error StatusCode.UNAVAILABLE encountered while exporting traces to localhost:4317, retrying in 0.90s.
Failed to export traces to localhost:4317, error code: StatusCode.UNAVAILABLE
Transient error StatusCode.UNAVAILABLE encountered while exporting traces to localhost:4317, retrying in 1.18s.
Failed to export traces to localhost:4317, error code: StatusCode.UNAVAILABLE
Transient error StatusCode.UNAVAILABLE encountered while exporting traces to localhost:4317, retrying in 1.05s.
Transient error StatusCode.UNAVAILABLE encountered while exporting traces to localhost:4317, retrying in 1.71s.
Failed to export traces to localhost:4317, error code: StatusCode.UNAVAILABLE
Transient error StatusCode.UNAVAILABLE encountered while exporting traces to localhost:4317, retrying in 0.90s.
Failed to export traces to localhost:4317, error code: StatusCode.UNAVAILABLE
Transient error StatusCode.UNAVAILABLE encountered while exporting traces to localhost:4317, retrying in 0.88s.
Failed to export traces to localhost:4317, error code: StatusCode.UNAVAILABLE
Transient error StatusCode.UNAVAILABLE encountered while exporting traces to localhost:4317, retrying in 1.04s.
Failed to export traces to localhost:4317, error code: StatusCode.UNAVAILABLE
Transient error StatusCode.UNAVAILABLE encountered while exporting traces to localhost:4317, retrying in 0.84s.
Transient error StatusCode.UNAVAILABLE encountered while exporting traces to localhost:4317, retrying in 4.08s.
Failed to export traces to localhost:4317, error code: StatusCode.UNAVAILABLE
Transient error StatusCode.UNAVAILABLE encountered while exporting traces to localhost:4317, retrying in 0.92s.
Failed to export traces to localhost:4317, error code: StatusCode.UNAVAILABLE
Transient error StatusCode.UNAVAILABLE encountered while exporting traces to localhost:4317, retrying in 1.03s.
Failed to export traces to localhost:4317, error code: StatusCode.UNAVAILABLE
Transient error StatusCode.UNAVAILABLE encountered while exporting traces to localhost:4317, retrying in 0.84s.
Failed to export traces to localhost:4317, error code: StatusCode.UNAVAILABLE
Transient error StatusCode.UNAVAILABLE encountered while exporting traces to localhost:4317, retrying in 1.14s.
Transient error StatusCode.UNAVAILABLE encountered while exporting traces to localhost:4317, retrying in 2.21s.
Failed to export traces to localhost:4317, error code: StatusCode.UNAVAILABLE
Transient error StatusCode.UNAVAILABLE encountered while exporting traces to localhost:4317, retrying in 0.87s.
Failed to export traces to localhost:4317, error code: StatusCode.UNAVAILABLE
Transient error StatusCode.UNAVAILABLE encountered while exporting traces to localhost:4317, retrying in 0.92s.
Failed to export traces to localhost:4317, error code: StatusCode.UNAVAILABLE
Transient error StatusCode.UNAVAILABLE encountered while exporting traces to localhost:4317, retrying in 0.96s.
Failed to export traces to localhost:4317, error code: StatusCode.UNAVAILABLE
Transient error StatusCode.UNAVAILABLE encountered while exporting traces to localhost:4317, retrying in 1.05s.
Transient error StatusCode.UNAVAILABLE encountered while exporting traces to localhost:4317, retrying in 4.09s.
Failed to export traces to localhost:4317, error code: StatusCode.UNAVAILABLE
Transient error StatusCode.UNAVAILABLE encountered while exporting traces to localhost:4317, retrying in 1.10s.
Failed to export traces to localhost:4317, error code: StatusCode.UNAVAILABLE
Transient error StatusCode.UNAVAILABLE encountered while exporting traces to localhost:4317, retrying in 0.92s.
Failed to export traces to localhost:4317, error code: StatusCode.UNAVAILABLE
Transient error StatusCode.UNAVAILABLE encountered while exporting traces to localhost:4317, retrying in 1.13s.
Failed to export traces to localhost:4317, error code: StatusCode.UNAVAILABLE
Transient error StatusCode.UNAVAILABLE encountered while exporting traces to localhost:4317, retrying in 0.84s.
Transient error StatusCode.UNAVAILABLE encountered while exporting traces to localhost:4317, retrying in 4.69s.
Failed to export traces to localhost:4317, error code: StatusCode.UNAVAILABLE
Transient error StatusCode.UNAVAILABLE encountered while exporting traces to localhost:4317, retrying in 0.92s.
Failed to export traces to localhost:4317, error code: StatusCode.UNAVAILABLE
Transient error StatusCode.UNAVAILABLE encountered while exporting traces to localhost:4317, retrying in 0.93s.
Failed to export traces to localhost:4317, error code: StatusCode.UNAVAILABLE
Transient error StatusCode.UNAVAILABLE encountered while exporting traces to localhost:4317, retrying in 1.10s.
Failed to export traces to localhost:4317, error code: StatusCode.UNAVAILABLE
Transient error StatusCode.UNAVAILABLE encountered while exporting traces to localhost:4317, retrying in 0.98s.
Failed to export traces to localhost:4317, error code: StatusCode.UNAVAILABLE
Transient error StatusCode.UNAVAILABLE encountered while exporting traces to localhost:4317, retrying in 1.10s.
Failed to export traces to localhost:4317, error code: StatusCode.UNAVAILABLE
Transient error StatusCode.UNAVAILABLE encountered while exporting traces to localhost:4317, retrying in 1.08s.
Failed to export traces to localhost:4317, error code: StatusCode.UNAVAILABLE
Transient error StatusCode.UNAVAILABLE encountered while exporting traces to localhost:4317, retrying in 0.88s.
Failed to export traces to localhost:4317, error code: StatusCode.UNAVAILABLE
Transient error StatusCode.UNAVAILABLE encountered while exporting traces to localhost:4317, retrying in 0.98s.
Transient error StatusCode.UNAVAILABLE encountered while exporting traces to localhost:4317, retrying in 4.36s.
Failed to export traces to localhost:4317, error code: StatusCode.UNAVAILABLE
Transient error StatusCode.UNAVAILABLE encountered while exporting traces to localhost:4317, retrying in 0.97s.
Failed to export traces to localhost:4317, error code: StatusCode.UNAVAILABLE
Transient error StatusCode.UNAVAILABLE encountered while exporting traces to localhost:4317, retrying in 0.98s.
Failed to export traces to localhost:4317, error code: StatusCode.UNAVAILABLE
Transient error StatusCode.UNAVAILABLE encountered while exporting traces to localhost:4317, retrying in 1.08s.
Failed to export traces to localhost:4317, error code: StatusCode.UNAVAILABLE
Transient error StatusCode.UNAVAILABLE encountered while exporting traces to localhost:4317, retrying in 1.11s.
Failed to export traces to localhost:4317, error code: StatusCode.UNAVAILABLE
Transient error StatusCode.UNAVAILABLE encountered while exporting traces to localhost:4317, retrying in 1.04s.
Failed to export traces to localhost:4317, error code: StatusCode.UNAVAILABLE
Transient error StatusCode.UNAVAILABLE encountered while exporting traces to localhost:4317, retrying in 1.03s.
Failed to export traces to localhost:4317, error code: StatusCode.UNAVAILABLE
Transient error StatusCode.UNAVAILABLE encountered while exporting traces to localhost:4317, retrying in 1.11s.
Failed to export traces to localhost:4317, error code: StatusCode.UNAVAILABLE
Transient error StatusCode.UNAVAILABLE encountered while exporting traces to localhost:4317, retrying in 1.09s.
Failed to export traces to localhost:4317, error code: StatusCode.UNAVAILABLE
Transient error StatusCode.UNAVAILABLE encountered while exporting traces to localhost:4317, retrying in 1.08s.
Failed to export traces to localhost:4317, error code: StatusCode.UNAVAILABLE
Transient error StatusCode.UNAVAILABLE encountered while exporting traces to localhost:4317, retrying in 1.00s.
Failed to export traces to localhost:4317, error code: StatusCode.UNAVAILABLE
Transient error StatusCode.UNAVAILABLE encountered while exporting traces to localhost:4317, retrying in 1.02s.
Failed to export traces to localhost:4317, error code: StatusCode.UNAVAILABLE
Transient error StatusCode.UNAVAILABLE encountered while exporting traces to localhost:4317, retrying in 1.09s.
Failed to export traces to localhost:4317, error code: StatusCode.UNAVAILABLE
Transient error StatusCode.UNAVAILABLE encountered while exporting traces to localhost:4317, retrying in 1.13s.
Failed to export traces to localhost:4317, error code: StatusCode.UNAVAILABLE
Transient error StatusCode.UNAVAILABLE encountered while exporting traces to localhost:4317, retrying in 0.93s.
Failed to export traces to localhost:4317, error code: StatusCode.UNAVAILABLE
Transient error StatusCode.UNAVAILABLE encountered while exporting traces to localhost:4317, retrying in 1.05s.
Failed to export traces to localhost:4317, error code: StatusCode.UNAVAILABLE
Transient error StatusCode.UNAVAILABLE encountered while exporting traces to localhost:4317, retrying in 1.08s.
Transient error StatusCode.UNAVAILABLE encountered while exporting traces to localhost:4317, retrying in 3.72s.
Failed to export traces to localhost:4317, error code: StatusCode.UNAVAILABLE
Transient error StatusCode.UNAVAILABLE encountered while exporting traces to localhost:4317, retrying in 1.18s.
Failed to export traces to localhost:4317, error code: StatusCode.UNAVAILABLE
Transient error StatusCode.UNAVAILABLE encountered while exporting traces to localhost:4317, retrying in 0.93s.
Failed to export traces to localhost:4317, error code: StatusCode.UNAVAILABLE
Transient error StatusCode.UNAVAILABLE encountered while exporting traces to localhost:4317, retrying in 1.03s.
Failed to export traces to localhost:4317, error code: StatusCode.UNAVAILABLE
Transient error StatusCode.UNAVAILABLE encountered while exporting traces to localhost:4317, retrying in 1.16s.
Failed to export traces to localhost:4317, error code: StatusCode.UNAVAILABLE
Transient error StatusCode.UNAVAILABLE encountered while exporting traces to localhost:4317, retrying in 1.07s.
Failed to export traces to localhost:4317, error code: StatusCode.UNAVAILABLE
Transient error StatusCode.UNAVAILABLE encountered while exporting traces to localhost:4317, retrying in 1.15s.
Failed to export traces to localhost:4317, error code: StatusCode.UNAVAILABLE
Transient error StatusCode.UNAVAILABLE encountered while exporting traces to localhost:4317, retrying in 0.98s.
Failed to export traces to localhost:4317, error code: StatusCode.UNAVAILABLE
Transient error StatusCode.UNAVAILABLE encountered while exporting traces to localhost:4317, retrying in 1.08s.
Transient error StatusCode.UNAVAILABLE encountered while exporting traces to localhost:4317, retrying in 1.71s.
Failed to export traces to localhost:4317, error code: StatusCode.UNAVAILABLE
Transient error StatusCode.UNAVAILABLE encountered while exporting traces to localhost:4317, retrying in 1.03s.
Failed to export traces to localhost:4317, error code: StatusCode.UNAVAILABLE
Transient error StatusCode.UNAVAILABLE encountered while exporting traces to localhost:4317, retrying in 1.08s.
Failed to export traces to localhost:4317, error code: StatusCode.UNAVAILABLE
Transient error StatusCode.UNAVAILABLE encountered while exporting traces to localhost:4317, retrying in 0.99s.
Failed to export traces to localhost:4317, error code: StatusCode.UNAVAILABLE
Transient error StatusCode.UNAVAILABLE encountered while exporting traces to localhost:4317, retrying in 1.01s.
Failed to export traces to localhost:4317, error code: StatusCode.UNAVAILABLE
Transient error StatusCode.UNAVAILABLE encountered while exporting traces to localhost:4317, retrying in 0.96s.
Failed to export traces to localhost:4317, error code: StatusCode.UNAVAILABLE
Transient error StatusCode.UNAVAILABLE encountered while exporting traces to localhost:4317, retrying in 0.82s.
Failed to export traces to localhost:4317, error code: StatusCode.UNAVAILABLE
Transient error StatusCode.UNAVAILABLE encountered while exporting traces to localhost:4317, retrying in 0.81s.
Failed to export traces to localhost:4317, error code: StatusCode.UNAVAILABLE
Transient error StatusCode.UNAVAILABLE encountered while exporting traces to localhost:4317, retrying in 0.92s.
Transient error StatusCode.UNAVAILABLE encountered while exporting traces to localhost:4317, retrying in 3.81s.
Failed to export traces to localhost:4317, error code: StatusCode.UNAVAILABLE
Transient error StatusCode.UNAVAILABLE encountered while exporting traces to localhost:4317, retrying in 0.96s.
Failed to export traces to localhost:4317, error code: StatusCode.UNAVAILABLE
Transient error StatusCode.UNAVAILABLE encountered while exporting traces to localhost:4317, retrying in 1.15s.
Failed to export traces to localhost:4317, error code: StatusCode.UNAVAILABLE
Transient error StatusCode.UNAVAILABLE encountered while exporting traces to localhost:4317, retrying in 0.98s.
Failed to export traces to localhost:4317, error code: StatusCode.UNAVAILABLE
Transient error StatusCode.UNAVAILABLE encountered while exporting traces to localhost:4317, retrying in 1.03s.
Transient error StatusCode.UNAVAILABLE encountered while exporting traces to localhost:4317, retrying in 3.21s.
Failed to export traces to localhost:4317, error code: StatusCode.UNAVAILABLE
Transient error StatusCode.UNAVAILABLE encountered while exporting traces to localhost:4317, retrying in 1.15s.
Failed to export traces to localhost:4317, error code: StatusCode.UNAVAILABLE
Transient error StatusCode.UNAVAILABLE encountered while exporting traces to localhost:4317, retrying in 0.85s.
Failed to export traces to localhost:4317, error code: StatusCode.UNAVAILABLE
Transient error StatusCode.UNAVAILABLE encountered while exporting traces to localhost:4317, retrying in 0.97s.
Failed to export traces to localhost:4317, error code: StatusCode.UNAVAILABLE
Transient error StatusCode.UNAVAILABLE encountered while exporting traces to localhost:4317, retrying in 1.02s.
Failed to export traces to localhost:4317, error code: StatusCode.UNAVAILABLE
Transient error StatusCode.UNAVAILABLE encountered while exporting traces to localhost:4317, retrying in 1.03s.
Failed to export traces to localhost:4317, error code: StatusCode.UNAVAILABLE
Transient error StatusCode.UNAVAILABLE encountered while exporting traces to localhost:4317, retrying in 1.16s.
Failed to export traces to localhost:4317, error code: StatusCode.UNAVAILABLE
Transient error StatusCode.UNAVAILABLE encountered while exporting traces to localhost:4317, retrying in 1.04s.
Failed to export traces to localhost:4317, error code: StatusCode.UNAVAILABLE
Transient error StatusCode.UNAVAILABLE encountered while exporting traces to localhost:4317, retrying in 0.93s.
Failed to export traces to localhost:4317, error code: StatusCode.UNAVAILABLE
Transient error StatusCode.UNAVAILABLE encountered while exporting traces to localhost:4317, retrying in 1.02s.
Failed to export traces to localhost:4317, error code: StatusCode.UNAVAILABLE
Transient error StatusCode.UNAVAILABLE encountered while exporting traces to localhost:4317, retrying in 1.03s.
Failed to export traces to localhost:4317, error code: StatusCode.UNAVAILABLE
Transient error StatusCode.UNAVAILABLE encountered while exporting traces to localhost:4317, retrying in 1.02s.
Failed to export traces to localhost:4317, error code: StatusCode.UNAVAILABLE
Transient error StatusCode.UNAVAILABLE encountered while exporting traces to localhost:4317, retrying in 0.87s.
Transient error StatusCode.UNAVAILABLE encountered while exporting traces to localhost:4317, retrying in 1.77s.
Failed to export traces to localhost:4317, error code: StatusCode.UNAVAILABLE
Transient error StatusCode.UNAVAILABLE encountered while exporting traces to localhost:4317, retrying in 0.97s.
Failed to export traces to localhost:4317, error code: StatusCode.UNAVAILABLE
Transient error StatusCode.UNAVAILABLE encountered while exporting traces to localhost:4317, retrying in 0.91s.
Failed to export traces to localhost:4317, error code: StatusCode.UNAVAILABLE
Transient error StatusCode.UNAVAILABLE encountered while exporting traces to localhost:4317, retrying in 1.11s.
Failed to export traces to localhost:4317, error code: StatusCode.UNAVAILABLE
Transient error StatusCode.UNAVAILABLE encountered while exporting traces to localhost:4317, retrying in 1.15s.
Failed to export traces to localhost:4317, error code: StatusCode.UNAVAILABLE
Transient error StatusCode.UNAVAILABLE encountered while exporting traces to localhost:4317, retrying in 1.10s.
Failed to export traces to localhost:4317, error code: StatusCode.UNAVAILABLE
Transient error StatusCode.UNAVAILABLE encountered while exporting traces to localhost:4317, retrying in 0.92s.
Failed to export traces to localhost:4317, error code: StatusCode.UNAVAILABLE
Transient error StatusCode.UNAVAILABLE encountered while exporting traces to localhost:4317, retrying in 0.83s.
Failed to export traces to localhost:4317, error code: StatusCode.UNAVAILABLE
Transient error StatusCode.UNAVAILABLE encountered while exporting traces to localhost:4317, retrying in 0.96s.
Failed to export traces to localhost:4317, error code: StatusCode.UNAVAILABLE
Transient error StatusCode.UNAVAILABLE encountered while exporting traces to localhost:4317, retrying in 1.12s.
Failed to export traces to localhost:4317, error code: StatusCode.UNAVAILABLE
Transient error StatusCode.UNAVAILABLE encountered while exporting traces to localhost:4317, retrying in 1.15s.
Failed to export traces to localhost:4317, error code: StatusCode.UNAVAILABLE
Transient error StatusCode.UNAVAILABLE encountered while exporting traces to localhost:4317, retrying in 0.81s.
Failed to export traces to localhost:4317, error code: StatusCode.UNAVAILABLE
Transient error StatusCode.UNAVAILABLE encountered while exporting traces to localhost:4317, retrying in 0.86s.
Transient error StatusCode.UNAVAILABLE encountered while exporting traces to localhost:4317, retrying in 4.03s.
Failed to export traces to localhost:4317, error code: StatusCode.UNAVAILABLE
Transient error StatusCode.UNAVAILABLE encountered while exporting traces to localhost:4317, retrying in 0.96s.
Failed to export traces to localhost:4317, error code: StatusCode.UNAVAILABLE
Transient error StatusCode.UNAVAILABLE encountered while exporting traces to localhost:4317, retrying in 1.13s.
Failed to export traces to localhost:4317, error code: StatusCode.UNAVAILABLE
Transient error StatusCode.UNAVAILABLE encountered while exporting traces to localhost:4317, retrying in 1.03s.
Failed to export traces to localhost:4317, error code: StatusCode.UNAVAILABLE
Transient error StatusCode.UNAVAILABLE encountered while exporting traces to localhost:4317, retrying in 1.06s.
Failed to export traces to localhost:4317, error code: StatusCode.UNAVAILABLE
Transient error StatusCode.UNAVAILABLE encountered while exporting traces to localhost:4317, retrying in 0.94s.
Failed to export traces to localhost:4317, error code: StatusCode.UNAVAILABLE
Transient error StatusCode.UNAVAILABLE encountered while exporting traces to localhost:4317, retrying in 1.18s.
Failed to export traces to localhost:4317, error code: StatusCode.UNAVAILABLE
Transient error StatusCode.UNAVAILABLE encountered while exporting traces to localhost:4317, retrying in 1.14s.
Failed to export traces to localhost:4317, error code: StatusCode.UNAVAILABLE
Transient error StatusCode.UNAVAILABLE encountered while exporting traces to localhost:4317, retrying in 0.81s.
Failed to export traces to localhost:4317, error code: StatusCode.UNAVAILABLE
Transient error StatusCode.UNAVAILABLE encountered while exporting traces to localhost:4317, retrying in 0.89s.
Failed to export traces to localhost:4317, error code: StatusCode.UNAVAILABLE
Transient error StatusCode.UNAVAILABLE encountered while exporting traces to localhost:4317, retrying in 0.91s.
Failed to export traces to localhost:4317, error code: StatusCode.UNAVAILABLE
Transient error StatusCode.UNAVAILABLE encountered while exporting traces to localhost:4317, retrying in 1.15s.
Failed to export traces to localhost:4317, error code: StatusCode.UNAVAILABLE
Transient error StatusCode.UNAVAILABLE encountered while exporting traces to localhost:4317, retrying in 0.97s.
Transient error StatusCode.UNAVAILABLE encountered while exporting traces to localhost:4317, retrying in 3.94s.
Failed to export traces to localhost:4317, error code: StatusCode.UNAVAILABLE
Transient error StatusCode.UNAVAILABLE encountered while exporting traces to localhost:4317, retrying in 0.87s.
Failed to export traces to localhost:4317, error code: StatusCode.UNAVAILABLE
Transient error StatusCode.UNAVAILABLE encountered while exporting traces to localhost:4317, retrying in 1.18s.
Failed to export traces to localhost:4317, error code: StatusCode.UNAVAILABLE
Transient error StatusCode.UNAVAILABLE encountered while exporting traces to localhost:4317, retrying in 0.87s.
Failed to export traces to localhost:4317, error code: StatusCode.UNAVAILABLE
Transient error StatusCode.UNAVAILABLE encountered while exporting traces to localhost:4317, retrying in 0.90s.
Failed to export traces to localhost:4317, error code: StatusCode.UNAVAILABLE
Transient error StatusCode.UNAVAILABLE encountered while exporting traces to localhost:4317, retrying in 0.99s.
Failed to export traces to localhost:4317, error code: StatusCode.UNAVAILABLE
Transient error StatusCode.UNAVAILABLE encountered while exporting traces to localhost:4317, retrying in 0.95s.
Failed to export traces to localhost:4317, error code: StatusCode.UNAVAILABLE
Transient error StatusCode.UNAVAILABLE encountered while exporting traces to localhost:4317, retrying in 1.08s.
Failed to export traces to localhost:4317, error code: StatusCode.UNAVAILABLE
Transient error StatusCode.UNAVAILABLE encountered while exporting traces to localhost:4317, retrying in 1.20s.
Transient error StatusCode.UNAVAILABLE encountered while exporting traces to localhost:4317, retrying in 3.50s.
Failed to export traces to localhost:4317, error code: StatusCode.UNAVAILABLE
Transient error StatusCode.UNAVAILABLE encountered while exporting traces to localhost:4317, retrying in 0.97s.
Failed to export traces to localhost:4317, error code: StatusCode.UNAVAILABLE
Transient error StatusCode.UNAVAILABLE encountered while exporting traces to localhost:4317, retrying in 0.92s.
Failed to export traces to localhost:4317, error code: StatusCode.UNAVAILABLE
Transient error StatusCode.UNAVAILABLE encountered while exporting traces to localhost:4317, retrying in 0.84s.
Failed to export traces to localhost:4317, error code: StatusCode.UNAVAILABLE
Transient error StatusCode.UNAVAILABLE encountered while exporting traces to localhost:4317, retrying in 1.17s.
Transient error StatusCode.UNAVAILABLE encountered while exporting traces to localhost:4317, retrying in 3.61s.
Failed to export traces to localhost:4317, error code: StatusCode.UNAVAILABLE
Transient error StatusCode.UNAVAILABLE encountered while exporting traces to localhost:4317, retrying in 0.87s.
Failed to export traces to localhost:4317, error code: StatusCode.UNAVAILABLE
Transient error StatusCode.UNAVAILABLE encountered while exporting traces to localhost:4317, retrying in 0.80s.
Failed to export traces to localhost:4317, error code: StatusCode.UNAVAILABLE
Transient error StatusCode.UNAVAILABLE encountered while exporting traces to localhost:4317, retrying in 1.07s.
Failed to export traces to localhost:4317, error code: StatusCode.UNAVAILABLE
Transient error StatusCode.UNAVAILABLE encountered while exporting traces to localhost:4317, retrying in 0.96s.
Transient error StatusCode.UNAVAILABLE encountered while exporting traces to localhost:4317, retrying in 2.28s.
Failed to export traces to localhost:4317, error code: StatusCode.UNAVAILABLE
Transient error StatusCode.UNAVAILABLE encountered while exporting traces to localhost:4317, retrying in 0.87s.
Failed to export traces to localhost:4317, error code: StatusCode.UNAVAILABLE
Transient error StatusCode.UNAVAILABLE encountered while exporting traces to localhost:4317, retrying in 0.84s.
Failed to export traces to localhost:4317, error code: StatusCode.UNAVAILABLE
Transient error StatusCode.UNAVAILABLE encountered while exporting traces to localhost:4317, retrying in 1.14s.
Failed to export traces to localhost:4317, error code: StatusCode.UNAVAILABLE
Transient error StatusCode.UNAVAILABLE encountered while exporting traces to localhost:4317, retrying in 1.12s.
Transient error StatusCode.UNAVAILABLE encountered while exporting traces to localhost:4317, retrying in 3.22s.
Failed to export traces to localhost:4317, error code: StatusCode.UNAVAILABLE
Transient error StatusCode.UNAVAILABLE encountered while exporting traces to localhost:4317, retrying in 0.82s.
Failed to export traces to localhost:4317, error code: StatusCode.UNAVAILABLE
Transient error StatusCode.UNAVAILABLE encountered while exporting traces to localhost:4317, retrying in 1.17s.
Failed to export traces to localhost:4317, error code: StatusCode.UNAVAILABLE
Transient error StatusCode.UNAVAILABLE encountered while exporting traces to localhost:4317, retrying in 0.91s.
Failed to export traces to localhost:4317, error code: StatusCode.UNAVAILABLE
Transient error StatusCode.UNAVAILABLE encountered while exporting traces to localhost:4317, retrying in 1.00s.
Transient error StatusCode.UNAVAILABLE encountered while exporting traces to localhost:4317, retrying in 2.17s.
Failed to export traces to localhost:4317, error code: StatusCode.UNAVAILABLE
Transient error StatusCode.UNAVAILABLE encountered while exporting traces to localhost:4317, retrying in 1.01s.
Failed to export traces to localhost:4317, error code: StatusCode.UNAVAILABLE
Transient error StatusCode.UNAVAILABLE encountered while exporting traces to localhost:4317, retrying in 0.99s.
Failed to export traces to localhost:4317, error code: StatusCode.UNAVAILABLE
Transient error StatusCode.UNAVAILABLE encountered while exporting traces to localhost:4317, retrying in 1.06s.
Failed to export traces to localhost:4317, error code: StatusCode.UNAVAILABLE
Transient error StatusCode.UNAVAILABLE encountered while exporting traces to localhost:4317, retrying in 0.89s.
Failed to export traces to localhost:4317, error code: StatusCode.UNAVAILABLE
Transient error StatusCode.UNAVAILABLE encountered while exporting traces to localhost:4317, retrying in 0.89s.
Failed to export traces to localhost:4317, error code: StatusCode.UNAVAILABLE
Transient error StatusCode.UNAVAILABLE encountered while exporting traces to localhost:4317, retrying in 1.04s.
Failed to export traces to localhost:4317, error code: StatusCode.UNAVAILABLE
Transient error StatusCode.UNAVAILABLE encountered while exporting traces to localhost:4317, retrying in 1.09s.
Failed to export traces to localhost:4317, error code: StatusCode.UNAVAILABLE
Transient error StatusCode.UNAVAILABLE encountered while exporting traces to localhost:4317, retrying in 1.17s.
Transient error StatusCode.UNAVAILABLE encountered while exporting traces to localhost:4317, retrying in 4.72s.
Failed to export traces to localhost:4317, error code: StatusCode.UNAVAILABLE
Transient error StatusCode.UNAVAILABLE encountered while exporting traces to localhost:4317, retrying in 1.15s.
Failed to export traces to localhost:4317, error code: StatusCode.UNAVAILABLE
Transient error StatusCode.UNAVAILABLE encountered while exporting traces to localhost:4317, retrying in 1.11s.
Failed to export traces to localhost:4317, error code: StatusCode.UNAVAILABLE
Transient error StatusCode.UNAVAILABLE encountered while exporting traces to localhost:4317, retrying in 1.04s.
Failed to export traces to localhost:4317, error code: StatusCode.UNAVAILABLE
Transient error StatusCode.UNAVAILABLE encountered while exporting traces to localhost:4317, retrying in 0.87s.
Transient error StatusCode.UNAVAILABLE encountered while exporting traces to localhost:4317, retrying in 1.85s.
Failed to export traces to localhost:4317, error code: StatusCode.UNAVAILABLE
Transient error StatusCode.UNAVAILABLE encountered while exporting traces to localhost:4317, retrying in 0.91s.
Failed to export traces to localhost:4317, error code: StatusCode.UNAVAILABLE
Transient error StatusCode.UNAVAILABLE encountered while exporting traces to localhost:4317, retrying in 0.87s.
Failed to export traces to localhost:4317, error code: StatusCode.UNAVAILABLE
Transient error StatusCode.UNAVAILABLE encountered while exporting traces to localhost:4317, retrying in 0.91s.
Failed to export traces to localhost:4317, error code: StatusCode.UNAVAILABLE
Transient error StatusCode.UNAVAILABLE encountered while exporting traces to localhost:4317, retrying in 0.96s.
Transient error StatusCode.UNAVAILABLE encountered while exporting traces to localhost:4317, retrying in 3.96s.
Failed to export traces to localhost:4317, error code: StatusCode.UNAVAILABLE
Transient error StatusCode.UNAVAILABLE encountered while exporting traces to localhost:4317, retrying in 0.87s.
Failed to export traces to localhost:4317, error code: StatusCode.UNAVAILABLE
Transient error StatusCode.UNAVAILABLE encountered while exporting traces to localhost:4317, retrying in 0.98s.
Failed to export traces to localhost:4317, error code: StatusCode.UNAVAILABLE
Transient error StatusCode.UNAVAILABLE encountered while exporting traces to localhost:4317, retrying in 0.92s.
Failed to export traces to localhost:4317, error code: StatusCode.UNAVAILABLE
Transient error StatusCode.UNAVAILABLE encountered while exporting traces to localhost:4317, retrying in 0.94s.
Failed to export traces to localhost:4317, error code: StatusCode.UNAVAILABLE
Transient error StatusCode.UNAVAILABLE encountered while exporting traces to localhost:4317, retrying in 1.11s.
Failed to export traces to localhost:4317, error code: StatusCode.UNAVAILABLE
Transient error StatusCode.UNAVAILABLE encountered while exporting traces to localhost:4317, retrying in 0.82s.
Failed to export traces to localhost:4317, error code: StatusCode.UNAVAILABLE
Transient error StatusCode.UNAVAILABLE encountered while exporting traces to localhost:4317, retrying in 0.94s.
Failed to export traces to localhost:4317, error code: StatusCode.UNAVAILABLE
Transient error StatusCode.UNAVAILABLE encountered while exporting traces to localhost:4317, retrying in 1.15s.
Transient error StatusCode.UNAVAILABLE encountered while exporting traces to localhost:4317, retrying in 1.66s.
Failed to export traces to localhost:4317, error code: StatusCode.UNAVAILABLE
Transient error StatusCode.UNAVAILABLE encountered while exporting traces to localhost:4317, retrying in 1.02s.
Failed to export traces to localhost:4317, error code: StatusCode.UNAVAILABLE
Transient error StatusCode.UNAVAILABLE encountered while exporting traces to localhost:4317, retrying in 1.19s.
Failed to export traces to localhost:4317, error code: StatusCode.UNAVAILABLE
Transient error StatusCode.UNAVAILABLE encountered while exporting traces to localhost:4317, retrying in 0.93s.
Failed to export traces to localhost:4317, error code: StatusCode.UNAVAILABLE
Transient error StatusCode.UNAVAILABLE encountered while exporting traces to localhost:4317, retrying in 0.94s.
Failed to export traces to localhost:4317, error code: StatusCode.UNAVAILABLE
Transient error StatusCode.UNAVAILABLE encountered while exporting traces to localhost:4317, retrying in 0.94s.
Failed to export traces to localhost:4317, error code: StatusCode.UNAVAILABLE
Transient error StatusCode.UNAVAILABLE encountered while exporting traces to localhost:4317, retrying in 1.15s.
Failed to export traces to localhost:4317, error code: StatusCode.UNAVAILABLE
Transient error StatusCode.UNAVAILABLE encountered while exporting traces to localhost:4317, retrying in 1.06s.
Failed to export traces to localhost:4317, error code: StatusCode.UNAVAILABLE
Transient error StatusCode.UNAVAILABLE encountered while exporting traces to localhost:4317, retrying in 0.94s.
Failed to export traces to localhost:4317, error code: StatusCode.UNAVAILABLE
Transient error StatusCode.UNAVAILABLE encountered while exporting traces to localhost:4317, retrying in 1.14s.
Failed to export traces to localhost:4317, error code: StatusCode.UNAVAILABLE
Transient error StatusCode.UNAVAILABLE encountered while exporting traces to localhost:4317, retrying in 1.03s.
Failed to export traces to localhost:4317, error code: StatusCode.UNAVAILABLE
Transient error StatusCode.UNAVAILABLE encountered while exporting traces to localhost:4317, retrying in 0.90s.
Failed to export traces to localhost:4317, error code: StatusCode.UNAVAILABLE
Transient error StatusCode.UNAVAILABLE encountered while exporting traces to localhost:4317, retrying in 0.81s.
Transient error StatusCode.UNAVAILABLE encountered while exporting traces to localhost:4317, retrying in 3.66s.
Failed to export traces to localhost:4317, error code: StatusCode.UNAVAILABLE
Transient error StatusCode.UNAVAILABLE encountered while exporting traces to localhost:4317, retrying in 0.89s.
Failed to export traces to localhost:4317, error code: StatusCode.UNAVAILABLE
Transient error StatusCode.UNAVAILABLE encountered while exporting traces to localhost:4317, retrying in 1.06s.
Failed to export traces to localhost:4317, error code: StatusCode.UNAVAILABLE
Transient error StatusCode.UNAVAILABLE encountered while exporting traces to localhost:4317, retrying in 0.99s.
Failed to export traces to localhost:4317, error code: StatusCode.UNAVAILABLE
Transient error StatusCode.UNAVAILABLE encountered while exporting traces to localhost:4317, retrying in 0.89s.
Transient error StatusCode.UNAVAILABLE encountered while exporting traces to localhost:4317, retrying in 4.41s.
Failed to export traces to localhost:4317, error code: StatusCode.UNAVAILABLE
Transient error StatusCode.UNAVAILABLE encountered while exporting traces to localhost:4317, retrying in 1.04s.
Failed to export traces to localhost:4317, error code: StatusCode.UNAVAILABLE
Transient error StatusCode.UNAVAILABLE encountered while exporting traces to localhost:4317, retrying in 1.19s.
Failed to export traces to localhost:4317, error code: StatusCode.UNAVAILABLE
Transient error StatusCode.UNAVAILABLE encountered while exporting traces to localhost:4317, retrying in 0.83s.
Failed to export traces to localhost:4317, error code: StatusCode.UNAVAILABLE
Transient error StatusCode.UNAVAILABLE encountered while exporting traces to localhost:4317, retrying in 0.96s.
Failed to export traces to localhost:4317, error code: StatusCode.UNAVAILABLE
Transient error StatusCode.UNAVAILABLE encountered while exporting traces to localhost:4317, retrying in 0.88s.
Failed to export traces to localhost:4317, error code: StatusCode.UNAVAILABLE
Transient error StatusCode.UNAVAILABLE encountered while exporting traces to localhost:4317, retrying in 1.11s.
Failed to export traces to localhost:4317, error code: StatusCode.UNAVAILABLE
Transient error StatusCode.UNAVAILABLE encountered while exporting traces to localhost:4317, retrying in 1.10s.
Failed to export traces to localhost:4317, error code: StatusCode.UNAVAILABLE
Transient error StatusCode.UNAVAILABLE encountered while exporting traces to localhost:4317, retrying in 1.10s.
Transient error StatusCode.UNAVAILABLE encountered while exporting traces to localhost:4317, retrying in 2.17s.
Failed to export traces to localhost:4317, error code: StatusCode.UNAVAILABLE
Transient error StatusCode.UNAVAILABLE encountered while exporting traces to localhost:4317, retrying in 1.03s.
Failed to export traces to localhost:4317, error code: StatusCode.UNAVAILABLE
Transient error StatusCode.UNAVAILABLE encountered while exporting traces to localhost:4317, retrying in 0.97s.
Failed to export traces to localhost:4317, error code: StatusCode.UNAVAILABLE
Transient error StatusCode.UNAVAILABLE encountered while exporting traces to localhost:4317, retrying in 1.18s.
Failed to export traces to localhost:4317, error code: StatusCode.UNAVAILABLE
Transient error StatusCode.UNAVAILABLE encountered while exporting traces to localhost:4317, retrying in 0.92s.
Transient error StatusCode.UNAVAILABLE encountered while exporting traces to localhost:4317, retrying in 4.01s.
Failed to export traces to localhost:4317, error code: StatusCode.UNAVAILABLE
Transient error StatusCode.UNAVAILABLE encountered while exporting traces to localhost:4317, retrying in 0.94s.
Failed to export traces to localhost:4317, error code: StatusCode.UNAVAILABLE
Transient error StatusCode.UNAVAILABLE encountered while exporting traces to localhost:4317, retrying in 1.02s.
Failed to export traces to localhost:4317, error code: StatusCode.UNAVAILABLE
Transient error StatusCode.UNAVAILABLE encountered while exporting traces to localhost:4317, retrying in 0.89s.
Failed to export traces to localhost:4317, error code: StatusCode.UNAVAILABLE
Transient error StatusCode.UNAVAILABLE encountered while exporting traces to localhost:4317, retrying in 1.12s.
Transient error StatusCode.UNAVAILABLE encountered while exporting traces to localhost:4317, retrying in 3.24s.
Failed to export traces to localhost:4317, error code: StatusCode.UNAVAILABLE
Transient error StatusCode.UNAVAILABLE encountered while exporting traces to localhost:4317, retrying in 1.03s.
Failed to export traces to localhost:4317, error code: StatusCode.UNAVAILABLE
Transient error StatusCode.UNAVAILABLE encountered while exporting traces to localhost:4317, retrying in 1.04s.
Failed to export traces to localhost:4317, error code: StatusCode.UNAVAILABLE
Transient error StatusCode.UNAVAILABLE encountered while exporting traces to localhost:4317, retrying in 1.12s.
Failed to export traces to localhost:4317, error code: StatusCode.UNAVAILABLE
Transient error StatusCode.UNAVAILABLE encountered while exporting traces to localhost:4317, retrying in 0.95s.
Transient error StatusCode.UNAVAILABLE encountered while exporting traces to localhost:4317, retrying in 4.26s.
Failed to export traces to localhost:4317, error code: StatusCode.UNAVAILABLE
Transient error StatusCode.UNAVAILABLE encountered while exporting traces to localhost:4317, retrying in 0.94s.
Failed to export traces to localhost:4317, error code: StatusCode.UNAVAILABLE
Transient error StatusCode.UNAVAILABLE encountered while exporting traces to localhost:4317, retrying in 1.07s.
Failed to export traces to localhost:4317, error code: StatusCode.UNAVAILABLE
Transient error StatusCode.UNAVAILABLE encountered while exporting traces to localhost:4317, retrying in 1.14s.
Failed to export traces to localhost:4317, error code: StatusCode.UNAVAILABLE
Transient error StatusCode.UNAVAILABLE encountered while exporting traces to localhost:4317, retrying in 1.02s.
Failed to export traces to localhost:4317, error code: StatusCode.UNAVAILABLE
Transient error StatusCode.UNAVAILABLE encountered while exporting traces to localhost:4317, retrying in 0.97s.
Failed to export traces to localhost:4317, error code: StatusCode.UNAVAILABLE
Transient error StatusCode.UNAVAILABLE encountered while exporting traces to localhost:4317, retrying in 1.14s.
Failed to export traces to localhost:4317, error code: StatusCode.UNAVAILABLE
Transient error StatusCode.UNAVAILABLE encountered while exporting traces to localhost:4317, retrying in 0.87s.
Failed to export traces to localhost:4317, error code: StatusCode.UNAVAILABLE
Transient error StatusCode.UNAVAILABLE encountered while exporting traces to localhost:4317, retrying in 1.14s.
Failed to export traces to localhost:4317, error code: StatusCode.UNAVAILABLE
Transient error StatusCode.UNAVAILABLE encountered while exporting traces to localhost:4317, retrying in 1.06s.
Failed to export traces to localhost:4317, error code: StatusCode.UNAVAILABLE
Transient error StatusCode.UNAVAILABLE encountered while exporting traces to localhost:4317, retrying in 0.84s.
Failed to export traces to localhost:4317, error code: StatusCode.UNAVAILABLE
Transient error StatusCode.UNAVAILABLE encountered while exporting traces to localhost:4317, retrying in 0.88s.
Failed to export traces to localhost:4317, error code: StatusCode.UNAVAILABLE
Transient error StatusCode.UNAVAILABLE encountered while exporting traces to localhost:4317, retrying in 0.85s.
Transient error StatusCode.UNAVAILABLE encountered while exporting traces to localhost:4317, retrying in 3.23s.
Failed to export traces to localhost:4317, error code: StatusCode.UNAVAILABLE
Transient error StatusCode.UNAVAILABLE encountered while exporting traces to localhost:4317, retrying in 1.13s.
Failed to export traces to localhost:4317, error code: StatusCode.UNAVAILABLE
Transient error StatusCode.UNAVAILABLE encountered while exporting traces to localhost:4317, retrying in 0.83s.
Failed to export traces to localhost:4317, error code: StatusCode.UNAVAILABLE
Transient error StatusCode.UNAVAILABLE encountered while exporting traces to localhost:4317, retrying in 1.06s.
Failed to export traces to localhost:4317, error code: StatusCode.UNAVAILABLE
Transient error StatusCode.UNAVAILABLE encountered while exporting traces to localhost:4317, retrying in 1.17s.
Transient error StatusCode.UNAVAILABLE encountered while exporting traces to localhost:4317, retrying in 3.56s.
Failed to export traces to localhost:4317, error code: StatusCode.UNAVAILABLE
Transient error StatusCode.UNAVAILABLE encountered while exporting traces to localhost:4317, retrying in 0.84s.
Failed to export traces to localhost:4317, error code: StatusCode.UNAVAILABLE
Transient error StatusCode.UNAVAILABLE encountered while exporting traces to localhost:4317, retrying in 1.10s.
Failed to export traces to localhost:4317, error code: StatusCode.UNAVAILABLE
Transient error StatusCode.UNAVAILABLE encountered while exporting traces to localhost:4317, retrying in 1.03s.
Failed to export traces to localhost:4317, error code: StatusCode.UNAVAILABLE
Transient error StatusCode.UNAVAILABLE encountered while exporting traces to localhost:4317, retrying in 1.11s.
Transient error StatusCode.UNAVAILABLE encountered while exporting traces to localhost:4317, retrying in 4.18s.
Failed to export traces to localhost:4317, error code: StatusCode.UNAVAILABLE
Transient error StatusCode.UNAVAILABLE encountered while exporting traces to localhost:4317, retrying in 0.85s.
Failed to export traces to localhost:4317, error code: StatusCode.UNAVAILABLE
Transient error StatusCode.UNAVAILABLE encountered while exporting traces to localhost:4317, retrying in 1.08s.
Failed to export traces to localhost:4317, error code: StatusCode.UNAVAILABLE
Transient error StatusCode.UNAVAILABLE encountered while exporting traces to localhost:4317, retrying in 0.94s.
Failed to export traces to localhost:4317, error code: StatusCode.UNAVAILABLE
Transient error StatusCode.UNAVAILABLE encountered while exporting traces to localhost:4317, retrying in 0.83s.
Transient error StatusCode.UNAVAILABLE encountered while exporting traces to localhost:4317, retrying in 2.15s.
Failed to export traces to localhost:4317, error code: StatusCode.UNAVAILABLE
Transient error StatusCode.UNAVAILABLE encountered while exporting traces to localhost:4317, retrying in 0.82s.
Failed to export traces to localhost:4317, error code: StatusCode.UNAVAILABLE
Transient error StatusCode.UNAVAILABLE encountered while exporting traces to localhost:4317, retrying in 1.04s.
Failed to export traces to localhost:4317, error code: StatusCode.UNAVAILABLE
Transient error StatusCode.UNAVAILABLE encountered while exporting traces to localhost:4317, retrying in 1.13s.
Failed to export traces to localhost:4317, error code: StatusCode.UNAVAILABLE
Transient error StatusCode.UNAVAILABLE encountered while exporting traces to localhost:4317, retrying in 1.18s.
Transient error StatusCode.UNAVAILABLE encountered while exporting traces to localhost:4317, retrying in 4.49s.
Failed to export traces to localhost:4317, error code: StatusCode.UNAVAILABLE
Transient error StatusCode.UNAVAILABLE encountered while exporting traces to localhost:4317, retrying in 0.96s.
Failed to export traces to localhost:4317, error code: StatusCode.UNAVAILABLE
Transient error StatusCode.UNAVAILABLE encountered while exporting traces to localhost:4317, retrying in 0.97s.
Failed to export traces to localhost:4317, error code: StatusCode.UNAVAILABLE
Transient error StatusCode.UNAVAILABLE encountered while exporting traces to localhost:4317, retrying in 0.82s.
Failed to export traces to localhost:4317, error code: StatusCode.UNAVAILABLE
Transient error StatusCode.UNAVAILABLE encountered while exporting traces to localhost:4317, retrying in 0.94s.
Transient error StatusCode.UNAVAILABLE encountered while exporting traces to localhost:4317, retrying in 3.95s.
Failed to export traces to localhost:4317, error code: StatusCode.UNAVAILABLE
Transient error StatusCode.UNAVAILABLE encountered while exporting traces to localhost:4317, retrying in 0.83s.
Failed to export traces to localhost:4317, error code: StatusCode.UNAVAILABLE
Transient error StatusCode.UNAVAILABLE encountered while exporting traces to localhost:4317, retrying in 1.05s.
Failed to export traces to localhost:4317, error code: StatusCode.UNAVAILABLE
Transient error StatusCode.UNAVAILABLE encountered while exporting traces to localhost:4317, retrying in 1.08s.
Failed to export traces to localhost:4317, error code: StatusCode.UNAVAILABLE
Transient error StatusCode.UNAVAILABLE encountered while exporting traces to localhost:4317, retrying in 0.95s.
Failed to export traces to localhost:4317, error code: StatusCode.UNAVAILABLE
Transient error StatusCode.UNAVAILABLE encountered while exporting traces to localhost:4317, retrying in 1.03s.
Failed to export traces to localhost:4317, error code: StatusCode.UNAVAILABLE
Transient error StatusCode.UNAVAILABLE encountered while exporting traces to localhost:4317, retrying in 1.08s.
Failed to export traces to localhost:4317, error code: StatusCode.UNAVAILABLE
Transient error StatusCode.UNAVAILABLE encountered while exporting traces to localhost:4317, retrying in 1.13s.
Failed to export traces to localhost:4317, error code: StatusCode.UNAVAILABLE
Transient error StatusCode.UNAVAILABLE encountered while exporting traces to localhost:4317, retrying in 0.85s.
Transient error StatusCode.UNAVAILABLE encountered while exporting traces to localhost:4317, retrying in 3.85s.
Failed to export traces to localhost:4317, error code: StatusCode.UNAVAILABLE
Transient error StatusCode.UNAVAILABLE encountered while exporting traces to localhost:4317, retrying in 1.12s.
Failed to export traces to localhost:4317, error code: StatusCode.UNAVAILABLE
Transient error StatusCode.UNAVAILABLE encountered while exporting traces to localhost:4317, retrying in 0.84s.
Failed to export traces to localhost:4317, error code: StatusCode.UNAVAILABLE
Transient error StatusCode.UNAVAILABLE encountered while exporting traces to localhost:4317, retrying in 1.05s.
Failed to export traces to localhost:4317, error code: StatusCode.UNAVAILABLE
Transient error StatusCode.UNAVAILABLE encountered while exporting traces to localhost:4317, retrying in 0.81s.
Failed to export traces to localhost:4317, error code: StatusCode.UNAVAILABLE
Transient error StatusCode.UNAVAILABLE encountered while exporting traces to localhost:4317, retrying in 0.99s.
Failed to export traces to localhost:4317, error code: StatusCode.UNAVAILABLE
Transient error StatusCode.UNAVAILABLE encountered while exporting traces to localhost:4317, retrying in 0.87s.
Failed to export traces to localhost:4317, error code: StatusCode.UNAVAILABLE
Transient error StatusCode.UNAVAILABLE encountered while exporting traces to localhost:4317, retrying in 0.87s.
Failed to export traces to localhost:4317, error code: StatusCode.UNAVAILABLE
Transient error StatusCode.UNAVAILABLE encountered while exporting traces to localhost:4317, retrying in 0.82s.
Transient error StatusCode.UNAVAILABLE encountered while exporting traces to localhost:4317, retrying in 4.49s.
Failed to export traces to localhost:4317, error code: StatusCode.UNAVAILABLE
Transient error StatusCode.UNAVAILABLE encountered while exporting traces to localhost:4317, retrying in 0.98s.
Failed to export traces to localhost:4317, error code: StatusCode.UNAVAILABLE
Transient error StatusCode.UNAVAILABLE encountered while exporting traces to localhost:4317, retrying in 1.01s.
Failed to export traces to localhost:4317, error code: StatusCode.UNAVAILABLE
Transient error StatusCode.UNAVAILABLE encountered while exporting traces to localhost:4317, retrying in 0.94s.
Failed to export traces to localhost:4317, error code: StatusCode.UNAVAILABLE
Transient error StatusCode.UNAVAILABLE encountered while exporting traces to localhost:4317, retrying in 1.20s.
Transient error StatusCode.UNAVAILABLE encountered while exporting traces to localhost:4317, retrying in 3.53s.
Failed to export traces to localhost:4317, error code: StatusCode.UNAVAILABLE
Transient error StatusCode.UNAVAILABLE encountered while exporting traces to localhost:4317, retrying in 0.83s.
Failed to export traces to localhost:4317, error code: StatusCode.UNAVAILABLE
Transient error StatusCode.UNAVAILABLE encountered while exporting traces to localhost:4317, retrying in 0.98s.
Failed to export traces to localhost:4317, error code: StatusCode.UNAVAILABLE
Transient error StatusCode.UNAVAILABLE encountered while exporting traces to localhost:4317, retrying in 0.82s.
Failed to export traces to localhost:4317, error code: StatusCode.UNAVAILABLE
Transient error StatusCode.UNAVAILABLE encountered while exporting traces to localhost:4317, retrying in 1.05s.
Failed to export traces to localhost:4317, error code: StatusCode.UNAVAILABLE
Transient error StatusCode.UNAVAILABLE encountered while exporting traces to localhost:4317, retrying in 1.01s.
Failed to export traces to localhost:4317, error code: StatusCode.UNAVAILABLE
Transient error StatusCode.UNAVAILABLE encountered while exporting traces to localhost:4317, retrying in 1.09s.
Failed to export traces to localhost:4317, error code: StatusCode.UNAVAILABLE
Transient error StatusCode.UNAVAILABLE encountered while exporting traces to localhost:4317, retrying in 0.95s.
Failed to export traces to localhost:4317, error code: StatusCode.UNAVAILABLE
Transient error StatusCode.UNAVAILABLE encountered while exporting traces to localhost:4317, retrying in 0.88s.
Transient error StatusCode.UNAVAILABLE encountered while exporting traces to localhost:4317, retrying in 4.06s.
Failed to export traces to localhost:4317, error code: StatusCode.UNAVAILABLE
Transient error StatusCode.UNAVAILABLE encountered while exporting traces to localhost:4317, retrying in 0.88s.
Failed to export traces to localhost:4317, error code: StatusCode.UNAVAILABLE
Transient error StatusCode.UNAVAILABLE encountered while exporting traces to localhost:4317, retrying in 1.12s.
Failed to export traces to localhost:4317, error code: StatusCode.UNAVAILABLE
Transient error StatusCode.UNAVAILABLE encountered while exporting traces to localhost:4317, retrying in 1.06s.
Failed to export traces to localhost:4317, error code: StatusCode.UNAVAILABLE
Transient error StatusCode.UNAVAILABLE encountered while exporting traces to localhost:4317, retrying in 1.02s.
Transient error StatusCode.UNAVAILABLE encountered while exporting traces to localhost:4317, retrying in 4.33s.
Failed to export traces to localhost:4317, error code: StatusCode.UNAVAILABLE
Transient error StatusCode.UNAVAILABLE encountered while exporting traces to localhost:4317, retrying in 0.84s.
Failed to export traces to localhost:4317, error code: StatusCode.UNAVAILABLE
Transient error StatusCode.UNAVAILABLE encountered while exporting traces to localhost:4317, retrying in 1.10s.
Failed to export traces to localhost:4317, error code: StatusCode.UNAVAILABLE
Transient error StatusCode.UNAVAILABLE encountered while exporting traces to localhost:4317, retrying in 1.06s.
Failed to export traces to localhost:4317, error code: StatusCode.UNAVAILABLE
Transient error StatusCode.UNAVAILABLE encountered while exporting traces to localhost:4317, retrying in 1.20s.
Transient error StatusCode.UNAVAILABLE encountered while exporting traces to localhost:4317, retrying in 4.71s.
Failed to export traces to localhost:4317, error code: StatusCode.UNAVAILABLE
Transient error StatusCode.UNAVAILABLE encountered while exporting traces to localhost:4317, retrying in 1.17s.
Failed to export traces to localhost:4317, error code: StatusCode.UNAVAILABLE
Transient error StatusCode.UNAVAILABLE encountered while exporting traces to localhost:4317, retrying in 0.98s.
Failed to export traces to localhost:4317, error code: StatusCode.UNAVAILABLE
Transient error StatusCode.UNAVAILABLE encountered while exporting traces to localhost:4317, retrying in 0.93s.
Failed to export traces to localhost:4317, error code: StatusCode.UNAVAILABLE
Transient error StatusCode.UNAVAILABLE encountered while exporting traces to localhost:4317, retrying in 1.11s.
Failed to export traces to localhost:4317, error code: StatusCode.UNAVAILABLE
Transient error StatusCode.UNAVAILABLE encountered while exporting traces to localhost:4317, retrying in 1.14s.
Failed to export traces to localhost:4317, error code: StatusCode.UNAVAILABLE
Transient error StatusCode.UNAVAILABLE encountered while exporting traces to localhost:4317, retrying in 0.92s.
Failed to export traces to localhost:4317, error code: StatusCode.UNAVAILABLE
Transient error StatusCode.UNAVAILABLE encountered while exporting traces to localhost:4317, retrying in 1.10s.
Failed to export traces to localhost:4317, error code: StatusCode.UNAVAILABLE
Transient error StatusCode.UNAVAILABLE encountered while exporting traces to localhost:4317, retrying in 1.17s.
Transient error StatusCode.UNAVAILABLE encountered while exporting traces to localhost:4317, retrying in 1.76s.
Failed to export traces to localhost:4317, error code: StatusCode.UNAVAILABLE
Transient error StatusCode.UNAVAILABLE encountered while exporting traces to localhost:4317, retrying in 0.91s.
Failed to export traces to localhost:4317, error code: StatusCode.UNAVAILABLE
Transient error StatusCode.UNAVAILABLE encountered while exporting traces to localhost:4317, retrying in 0.89s.
Failed to export traces to localhost:4317, error code: StatusCode.UNAVAILABLE
Transient error StatusCode.UNAVAILABLE encountered while exporting traces to localhost:4317, retrying in 0.86s.
Failed to export traces to localhost:4317, error code: StatusCode.UNAVAILABLE
Transient error StatusCode.UNAVAILABLE encountered while exporting traces to localhost:4317, retrying in 1.09s.
Failed to export traces to localhost:4317, error code: StatusCode.UNAVAILABLE
Transient error StatusCode.UNAVAILABLE encountered while exporting traces to localhost:4317, retrying in 1.02s.
Failed to export traces to localhost:4317, error code: StatusCode.UNAVAILABLE
Transient error StatusCode.UNAVAILABLE encountered while exporting traces to localhost:4317, retrying in 1.08s.
Failed to export traces to localhost:4317, error code: StatusCode.UNAVAILABLE
Transient error StatusCode.UNAVAILABLE encountered while exporting traces to localhost:4317, retrying in 1.10s.
Failed to export traces to localhost:4317, error code: StatusCode.UNAVAILABLE
Transient error StatusCode.UNAVAILABLE encountered while exporting traces to localhost:4317, retrying in 0.91s.
Transient error StatusCode.UNAVAILABLE encountered while exporting traces to localhost:4317, retrying in 1.72s.
Failed to export traces to localhost:4317, error code: StatusCode.UNAVAILABLE
Transient error StatusCode.UNAVAILABLE encountered while exporting traces to localhost:4317, retrying in 1.15s.
Failed to export traces to localhost:4317, error code: StatusCode.UNAVAILABLE
Transient error StatusCode.UNAVAILABLE encountered while exporting traces to localhost:4317, retrying in 1.00s.
Failed to export traces to localhost:4317, error code: StatusCode.UNAVAILABLE
Transient error StatusCode.UNAVAILABLE encountered while exporting traces to localhost:4317, retrying in 1.00s.
Failed to export traces to localhost:4317, error code: StatusCode.UNAVAILABLE
Transient error StatusCode.UNAVAILABLE encountered while exporting traces to localhost:4317, retrying in 1.04s.
Transient error StatusCode.UNAVAILABLE encountered while exporting traces to localhost:4317, retrying in 3.22s.
Failed to export traces to localhost:4317, error code: StatusCode.UNAVAILABLE
Transient error StatusCode.UNAVAILABLE encountered while exporting traces to localhost:4317, retrying in 0.85s.
Failed to export traces to localhost:4317, error code: StatusCode.UNAVAILABLE
Transient error StatusCode.UNAVAILABLE encountered while exporting traces to localhost:4317, retrying in 1.19s.
Failed to export traces to localhost:4317, error code: StatusCode.UNAVAILABLE
Transient error StatusCode.UNAVAILABLE encountered while exporting traces to localhost:4317, retrying in 0.98s.
Failed to export traces to localhost:4317, error code: StatusCode.UNAVAILABLE
Transient error StatusCode.UNAVAILABLE encountered while exporting traces to localhost:4317, retrying in 1.07s.
Transient error StatusCode.UNAVAILABLE encountered while exporting traces to localhost:4317, retrying in 1.61s.
Failed to export traces to localhost:4317, error code: StatusCode.UNAVAILABLE
Transient error StatusCode.UNAVAILABLE encountered while exporting traces to localhost:4317, retrying in 0.95s.
Failed to export traces to localhost:4317, error code: StatusCode.UNAVAILABLE
Transient error StatusCode.UNAVAILABLE encountered while exporting traces to localhost:4317, retrying in 0.84s.
Failed to export traces to localhost:4317, error code: StatusCode.UNAVAILABLE
Transient error StatusCode.UNAVAILABLE encountered while exporting traces to localhost:4317, retrying in 0.97s.
Failed to export traces to localhost:4317, error code: StatusCode.UNAVAILABLE
Transient error StatusCode.UNAVAILABLE encountered while exporting traces to localhost:4317, retrying in 1.00s.
Transient error StatusCode.UNAVAILABLE encountered while exporting traces to localhost:4317, retrying in 3.46s.
Failed to export traces to localhost:4317, error code: StatusCode.UNAVAILABLE
Transient error StatusCode.UNAVAILABLE encountered while exporting traces to localhost:4317, retrying in 0.90s.
Failed to export traces to localhost:4317, error code: StatusCode.UNAVAILABLE
Transient error StatusCode.UNAVAILABLE encountered while exporting traces to localhost:4317, retrying in 1.06s.
Failed to export traces to localhost:4317, error code: StatusCode.UNAVAILABLE
Transient error StatusCode.UNAVAILABLE encountered while exporting traces to localhost:4317, retrying in 0.98s.
Failed to export traces to localhost:4317, error code: StatusCode.UNAVAILABLE
Transient error StatusCode.UNAVAILABLE encountered while exporting traces to localhost:4317, retrying in 1.04s.
Transient error StatusCode.UNAVAILABLE encountered while exporting traces to localhost:4317, retrying in 2.05s.
Failed to export traces to localhost:4317, error code: StatusCode.UNAVAILABLE
Transient error StatusCode.UNAVAILABLE encountered while exporting traces to localhost:4317, retrying in 0.94s.
Failed to export traces to localhost:4317, error code: StatusCode.UNAVAILABLE
Transient error StatusCode.UNAVAILABLE encountered while exporting traces to localhost:4317, retrying in 1.12s.
Failed to export traces to localhost:4317, error code: StatusCode.UNAVAILABLE
Transient error StatusCode.UNAVAILABLE encountered while exporting traces to localhost:4317, retrying in 1.12s.
Failed to export traces to localhost:4317, error code: StatusCode.UNAVAILABLE
Transient error StatusCode.UNAVAILABLE encountered while exporting traces to localhost:4317, retrying in 0.97s.
Transient error StatusCode.UNAVAILABLE encountered while exporting traces to localhost:4317, retrying in 2.19s.
Failed to export traces to localhost:4317, error code: StatusCode.UNAVAILABLE
Transient error StatusCode.UNAVAILABLE encountered while exporting traces to localhost:4317, retrying in 1.03s.
Failed to export traces to localhost:4317, error code: StatusCode.UNAVAILABLE
Transient error StatusCode.UNAVAILABLE encountered while exporting traces to localhost:4317, retrying in 1.01s.
Failed to export traces to localhost:4317, error code: StatusCode.UNAVAILABLE
Transient error StatusCode.UNAVAILABLE encountered while exporting traces to localhost:4317, retrying in 1.17s.
Failed to export traces to localhost:4317, error code: StatusCode.UNAVAILABLE
Transient error StatusCode.UNAVAILABLE encountered while exporting traces to localhost:4317, retrying in 1.05s.
Transient error StatusCode.UNAVAILABLE encountered while exporting traces to localhost:4317, retrying in 3.28s.
Failed to export traces to localhost:4317, error code: StatusCode.UNAVAILABLE
Transient error StatusCode.UNAVAILABLE encountered while exporting traces to localhost:4317, retrying in 1.16s.
Failed to export traces to localhost:4317, error code: StatusCode.UNAVAILABLE
Transient error StatusCode.UNAVAILABLE encountered while exporting traces to localhost:4317, retrying in 1.00s.
Failed to export traces to localhost:4317, error code: StatusCode.UNAVAILABLE
Transient error StatusCode.UNAVAILABLE encountered while exporting traces to localhost:4317, retrying in 1.06s.
Failed to export traces to localhost:4317, error code: StatusCode.UNAVAILABLE
Transient error StatusCode.UNAVAILABLE encountered while exporting traces to localhost:4317, retrying in 0.90s.
Transient error StatusCode.UNAVAILABLE encountered while exporting traces to localhost:4317, retrying in 2.19s.
Failed to export traces to localhost:4317, error code: StatusCode.UNAVAILABLE
Transient error StatusCode.UNAVAILABLE encountered while exporting traces to localhost:4317, retrying in 0.82s.
Failed to export traces to localhost:4317, error code: StatusCode.UNAVAILABLE
Transient error StatusCode.UNAVAILABLE encountered while exporting traces to localhost:4317, retrying in 0.91s.
Failed to export traces to localhost:4317, error code: StatusCode.UNAVAILABLE
Transient error StatusCode.UNAVAILABLE encountered while exporting traces to localhost:4317, retrying in 0.85s.
Failed to export traces to localhost:4317, error code: StatusCode.UNAVAILABLE
Transient error StatusCode.UNAVAILABLE encountered while exporting traces to localhost:4317, retrying in 1.02s.
Transient error StatusCode.UNAVAILABLE encountered while exporting traces to localhost:4317, retrying in 3.93s.
Failed to export traces to localhost:4317, error code: StatusCode.UNAVAILABLE
Transient error StatusCode.UNAVAILABLE encountered while exporting traces to localhost:4317, retrying in 0.94s.
Failed to export traces to localhost:4317, error code: StatusCode.UNAVAILABLE
Transient error StatusCode.UNAVAILABLE encountered while exporting traces to localhost:4317, retrying in 0.96s.
Failed to export traces to localhost:4317, error code: StatusCode.UNAVAILABLE
Transient error StatusCode.UNAVAILABLE encountered while exporting traces to localhost:4317, retrying in 1.00s.
Failed to export traces to localhost:4317, error code: StatusCode.UNAVAILABLE
Transient error StatusCode.UNAVAILABLE encountered while exporting traces to localhost:4317, retrying in 1.18s.
Transient error StatusCode.UNAVAILABLE encountered while exporting traces to localhost:4317, retrying in 1.72s.
Failed to export traces to localhost:4317, error code: StatusCode.UNAVAILABLE
Transient error StatusCode.UNAVAILABLE encountered while exporting traces to localhost:4317, retrying in 1.13s.
Failed to export traces to localhost:4317, error code: StatusCode.UNAVAILABLE
Transient error StatusCode.UNAVAILABLE encountered while exporting traces to localhost:4317, retrying in 1.17s.
Failed to export traces to localhost:4317, error code: StatusCode.UNAVAILABLE
Transient error StatusCode.UNAVAILABLE encountered while exporting traces to localhost:4317, retrying in 1.05s.
Failed to export traces to localhost:4317, error code: StatusCode.UNAVAILABLE
Transient error StatusCode.UNAVAILABLE encountered while exporting traces to localhost:4317, retrying in 0.87s.
Transient error StatusCode.UNAVAILABLE encountered while exporting traces to localhost:4317, retrying in 2.06s.
Failed to export traces to localhost:4317, error code: StatusCode.UNAVAILABLE
Transient error StatusCode.UNAVAILABLE encountered while exporting traces to localhost:4317, retrying in 1.11s.
Failed to export traces to localhost:4317, error code: StatusCode.UNAVAILABLE
Transient error StatusCode.UNAVAILABLE encountered while exporting traces to localhost:4317, retrying in 1.13s.
Failed to export traces to localhost:4317, error code: StatusCode.UNAVAILABLE
Transient error StatusCode.UNAVAILABLE encountered while exporting traces to localhost:4317, retrying in 1.17s.
Failed to export traces to localhost:4317, error code: StatusCode.UNAVAILABLE
Transient error StatusCode.UNAVAILABLE encountered while exporting traces to localhost:4317, retrying in 0.95s.
Transient error StatusCode.UNAVAILABLE encountered while exporting traces to localhost:4317, retrying in 3.71s.
Failed to export traces to localhost:4317, error code: StatusCode.UNAVAILABLE
Transient error StatusCode.UNAVAILABLE encountered while exporting traces to localhost:4317, retrying in 0.93s.
Failed to export traces to localhost:4317, error code: StatusCode.UNAVAILABLE
Transient error StatusCode.UNAVAILABLE encountered while exporting traces to localhost:4317, retrying in 1.08s.
Failed to export traces to localhost:4317, error code: StatusCode.UNAVAILABLE
Transient error StatusCode.UNAVAILABLE encountered while exporting traces to localhost:4317, retrying in 1.13s.
Failed to export traces to localhost:4317, error code: StatusCode.UNAVAILABLE
Transient error StatusCode.UNAVAILABLE encountered while exporting traces to localhost:4317, retrying in 1.18s.
Transient error StatusCode.UNAVAILABLE encountered while exporting traces to localhost:4317, retrying in 2.19s.
Failed to export traces to localhost:4317, error code: StatusCode.UNAVAILABLE
Transient error StatusCode.UNAVAILABLE encountered while exporting traces to localhost:4317, retrying in 0.95s.
Failed to export traces to localhost:4317, error code: StatusCode.UNAVAILABLE
Transient error StatusCode.UNAVAILABLE encountered while exporting traces to localhost:4317, retrying in 1.17s.
Failed to export traces to localhost:4317, error code: StatusCode.UNAVAILABLE
Transient error StatusCode.UNAVAILABLE encountered while exporting traces to localhost:4317, retrying in 1.02s.
Failed to export traces to localhost:4317, error code: StatusCode.UNAVAILABLE
Transient error StatusCode.UNAVAILABLE encountered while exporting traces to localhost:4317, retrying in 1.07s.
Transient error StatusCode.UNAVAILABLE encountered while exporting traces to localhost:4317, retrying in 4.62s.
Failed to export traces to localhost:4317, error code: StatusCode.UNAVAILABLE
Transient error StatusCode.UNAVAILABLE encountered while exporting traces to localhost:4317, retrying in 0.90s.
Failed to export traces to localhost:4317, error code: StatusCode.UNAVAILABLE
Transient error StatusCode.UNAVAILABLE encountered while exporting traces to localhost:4317, retrying in 0.86s.
Failed to export traces to localhost:4317, error code: StatusCode.UNAVAILABLE
Transient error StatusCode.UNAVAILABLE encountered while exporting traces to localhost:4317, retrying in 1.19s.
Failed to export traces to localhost:4317, error code: StatusCode.UNAVAILABLE
Transient error StatusCode.UNAVAILABLE encountered while exporting traces to localhost:4317, retrying in 0.91s.
Failed to export traces to localhost:4317, error code: StatusCode.UNAVAILABLE
Transient error StatusCode.UNAVAILABLE encountered while exporting traces to localhost:4317, retrying in 1.03s.
Failed to export traces to localhost:4317, error code: StatusCode.UNAVAILABLE
Transient error StatusCode.UNAVAILABLE encountered while exporting traces to localhost:4317, retrying in 1.06s.
Failed to export traces to localhost:4317, error code: StatusCode.UNAVAILABLE
Transient error StatusCode.UNAVAILABLE encountered while exporting traces to localhost:4317, retrying in 0.82s.
Failed to export traces to localhost:4317, error code: StatusCode.UNAVAILABLE
Transient error StatusCode.UNAVAILABLE encountered while exporting traces to localhost:4317, retrying in 0.87s.
Transient error StatusCode.UNAVAILABLE encountered while exporting traces to localhost:4317, retrying in 4.31s.
Failed to export traces to localhost:4317, error code: StatusCode.UNAVAILABLE
Transient error StatusCode.UNAVAILABLE encountered while exporting traces to localhost:4317, retrying in 1.12s.
Failed to export traces to localhost:4317, error code: StatusCode.UNAVAILABLE
Transient error StatusCode.UNAVAILABLE encountered while exporting traces to localhost:4317, retrying in 0.85s.
Failed to export traces to localhost:4317, error code: StatusCode.UNAVAILABLE
Transient error StatusCode.UNAVAILABLE encountered while exporting traces to localhost:4317, retrying in 0.99s.
Failed to export traces to localhost:4317, error code: StatusCode.UNAVAILABLE
Transient error StatusCode.UNAVAILABLE encountered while exporting traces to localhost:4317, retrying in 0.90s.
Failed to export traces to localhost:4317, error code: StatusCode.UNAVAILABLE
Transient error StatusCode.UNAVAILABLE encountered while exporting traces to localhost:4317, retrying in 1.18s.
Failed to export traces to localhost:4317, error code: StatusCode.UNAVAILABLE
Transient error StatusCode.UNAVAILABLE encountered while exporting traces to localhost:4317, retrying in 1.07s.
Failed to export traces to localhost:4317, error code: StatusCode.UNAVAILABLE
Transient error StatusCode.UNAVAILABLE encountered while exporting traces to localhost:4317, retrying in 0.90s.
Failed to export traces to localhost:4317, error code: StatusCode.UNAVAILABLE
Transient error StatusCode.UNAVAILABLE encountered while exporting traces to localhost:4317, retrying in 1.08s.
Transient error StatusCode.UNAVAILABLE encountered while exporting traces to localhost:4317, retrying in 2.20s.
Failed to export traces to localhost:4317, error code: StatusCode.UNAVAILABLE
Transient error StatusCode.UNAVAILABLE encountered while exporting traces to localhost:4317, retrying in 0.91s.
Failed to export traces to localhost:4317, error code: StatusCode.UNAVAILABLE
Transient error StatusCode.UNAVAILABLE encountered while exporting traces to localhost:4317, retrying in 0.99s.
Failed to export traces to localhost:4317, error code: StatusCode.UNAVAILABLE
Transient error StatusCode.UNAVAILABLE encountered while exporting traces to localhost:4317, retrying in 0.87s.
Failed to export traces to localhost:4317, error code: StatusCode.UNAVAILABLE
Transient error StatusCode.UNAVAILABLE encountered while exporting traces to localhost:4317, retrying in 1.07s.
Failed to export traces to localhost:4317, error code: StatusCode.UNAVAILABLE
Transient error StatusCode.UNAVAILABLE encountered while exporting traces to localhost:4317, retrying in 0.96s.
Failed to export traces to localhost:4317, error code: StatusCode.UNAVAILABLE
Transient error StatusCode.UNAVAILABLE encountered while exporting traces to localhost:4317, retrying in 1.15s.
Failed to export traces to localhost:4317, error code: StatusCode.UNAVAILABLE
Transient error StatusCode.UNAVAILABLE encountered while exporting traces to localhost:4317, retrying in 1.06s.
Failed to export traces to localhost:4317, error code: StatusCode.UNAVAILABLE
Transient error StatusCode.UNAVAILABLE encountered while exporting traces to localhost:4317, retrying in 1.16s.
Failed to export traces to localhost:4317, error code: StatusCode.UNAVAILABLE
Transient error StatusCode.UNAVAILABLE encountered while exporting traces to localhost:4317, retrying in 0.86s.
Failed to export traces to localhost:4317, error code: StatusCode.UNAVAILABLE
Transient error StatusCode.UNAVAILABLE encountered while exporting traces to localhost:4317, retrying in 1.00s.
Failed to export traces to localhost:4317, error code: StatusCode.UNAVAILABLE
Transient error StatusCode.UNAVAILABLE encountered while exporting traces to localhost:4317, retrying in 0.80s.
Failed to export traces to localhost:4317, error code: StatusCode.UNAVAILABLE
Transient error StatusCode.UNAVAILABLE encountered while exporting traces to localhost:4317, retrying in 1.03s.
Failed to export traces to localhost:4317, error code: StatusCode.UNAVAILABLE
Transient error StatusCode.UNAVAILABLE encountered while exporting traces to localhost:4317, retrying in 0.94s.
Failed to export traces to localhost:4317, error code: StatusCode.UNAVAILABLE
Transient error StatusCode.UNAVAILABLE encountered while exporting traces to localhost:4317, retrying in 1.09s.
Failed to export traces to localhost:4317, error code: StatusCode.UNAVAILABLE
Transient error StatusCode.UNAVAILABLE encountered while exporting traces to localhost:4317, retrying in 0.86s.
Failed to export traces to localhost:4317, error code: StatusCode.UNAVAILABLE
Transient error StatusCode.UNAVAILABLE encountered while exporting traces to localhost:4317, retrying in 0.93s.
Transient error StatusCode.UNAVAILABLE encountered while exporting traces to localhost:4317, retrying in 3.93s.
Failed to export traces to localhost:4317, error code: StatusCode.UNAVAILABLE
Transient error StatusCode.UNAVAILABLE encountered while exporting traces to localhost:4317, retrying in 1.12s.
Failed to export traces to localhost:4317, error code: StatusCode.UNAVAILABLE
Transient error StatusCode.UNAVAILABLE encountered while exporting traces to localhost:4317, retrying in 0.82s.
Failed to export traces to localhost:4317, error code: StatusCode.UNAVAILABLE
Transient error StatusCode.UNAVAILABLE encountered while exporting traces to localhost:4317, retrying in 0.87s.
Failed to export traces to localhost:4317, error code: StatusCode.UNAVAILABLE
Transient error StatusCode.UNAVAILABLE encountered while exporting traces to localhost:4317, retrying in 0.91s.
Transient error StatusCode.UNAVAILABLE encountered while exporting traces to localhost:4317, retrying in 2.06s.
Failed to export traces to localhost:4317, error code: StatusCode.UNAVAILABLE
Transient error StatusCode.UNAVAILABLE encountered while exporting traces to localhost:4317, retrying in 1.10s.
Failed to export traces to localhost:4317, error code: StatusCode.UNAVAILABLE
Transient error StatusCode.UNAVAILABLE encountered while exporting traces to localhost:4317, retrying in 1.12s.
Failed to export traces to localhost:4317, error code: StatusCode.UNAVAILABLE
Transient error StatusCode.UNAVAILABLE encountered while exporting traces to localhost:4317, retrying in 0.95s.
Failed to export traces to localhost:4317, error code: StatusCode.UNAVAILABLE
Transient error StatusCode.UNAVAILABLE encountered while exporting traces to localhost:4317, retrying in 1.11s.
Transient error StatusCode.UNAVAILABLE encountered while exporting traces to localhost:4317, retrying in 1.96s.
Failed to export traces to localhost:4317, error code: StatusCode.UNAVAILABLE
Transient error StatusCode.UNAVAILABLE encountered while exporting traces to localhost:4317, retrying in 1.06s.
Failed to export traces to localhost:4317, error code: StatusCode.UNAVAILABLE
Transient error StatusCode.UNAVAILABLE encountered while exporting traces to localhost:4317, retrying in 1.02s.
Failed to export traces to localhost:4317, error code: StatusCode.UNAVAILABLE
Transient error StatusCode.UNAVAILABLE encountered while exporting traces to localhost:4317, retrying in 1.03s.
Failed to export traces to localhost:4317, error code: StatusCode.UNAVAILABLE
Transient error StatusCode.UNAVAILABLE encountered while exporting traces to localhost:4317, retrying in 1.04s.
Transient error StatusCode.UNAVAILABLE encountered while exporting traces to localhost:4317, retrying in 3.54s.
Failed to export traces to localhost:4317, error code: StatusCode.UNAVAILABLE
Transient error StatusCode.UNAVAILABLE encountered while exporting traces to localhost:4317, retrying in 0.94s.
Failed to export traces to localhost:4317, error code: StatusCode.UNAVAILABLE
Transient error StatusCode.UNAVAILABLE encountered while exporting traces to localhost:4317, retrying in 1.12s.
Failed to export traces to localhost:4317, error code: StatusCode.UNAVAILABLE
Transient error StatusCode.UNAVAILABLE encountered while exporting traces to localhost:4317, retrying in 1.13s.
Failed to export traces to localhost:4317, error code: StatusCode.UNAVAILABLE
Transient error StatusCode.UNAVAILABLE encountered while exporting traces to localhost:4317, retrying in 1.13s.
Failed to export traces to localhost:4317, error code: StatusCode.UNAVAILABLE
Transient error StatusCode.UNAVAILABLE encountered while exporting traces to localhost:4317, retrying in 0.86s.
Failed to export traces to localhost:4317, error code: StatusCode.UNAVAILABLE
Transient error StatusCode.UNAVAILABLE encountered while exporting traces to localhost:4317, retrying in 1.06s.
Failed to export traces to localhost:4317, error code: StatusCode.UNAVAILABLE
Transient error StatusCode.UNAVAILABLE encountered while exporting traces to localhost:4317, retrying in 1.09s.
Failed to export traces to localhost:4317, error code: StatusCode.UNAVAILABLE
Transient error StatusCode.UNAVAILABLE encountered while exporting traces to localhost:4317, retrying in 0.96s.
Transient error StatusCode.UNAVAILABLE encountered while exporting traces to localhost:4317, retrying in 2.00s.
Failed to export traces to localhost:4317, error code: StatusCode.UNAVAILABLE
Transient error StatusCode.UNAVAILABLE encountered while exporting traces to localhost:4317, retrying in 0.83s.
Failed to export traces to localhost:4317, error code: StatusCode.UNAVAILABLE
Transient error StatusCode.UNAVAILABLE encountered while exporting traces to localhost:4317, retrying in 1.05s.
Failed to export traces to localhost:4317, error code: StatusCode.UNAVAILABLE
Transient error StatusCode.UNAVAILABLE encountered while exporting traces to localhost:4317, retrying in 0.81s.
Failed to export traces to localhost:4317, error code: StatusCode.UNAVAILABLE
Transient error StatusCode.UNAVAILABLE encountered while exporting traces to localhost:4317, retrying in 0.81s.
Failed to export traces to localhost:4317, error code: StatusCode.UNAVAILABLE
Transient error StatusCode.UNAVAILABLE encountered while exporting traces to localhost:4317, retrying in 1.09s.
Failed to export traces to localhost:4317, error code: StatusCode.UNAVAILABLE
Transient error StatusCode.UNAVAILABLE encountered while exporting traces to localhost:4317, retrying in 0.82s.
Failed to export traces to localhost:4317, error code: StatusCode.UNAVAILABLE
Transient error StatusCode.UNAVAILABLE encountered while exporting traces to localhost:4317, retrying in 1.15s.
Failed to export traces to localhost:4317, error code: StatusCode.UNAVAILABLE
Transient error StatusCode.UNAVAILABLE encountered while exporting traces to localhost:4317, retrying in 1.03s.
Transient error StatusCode.UNAVAILABLE encountered while exporting traces to localhost:4317, retrying in 4.62s.
Failed to export traces to localhost:4317, error code: StatusCode.UNAVAILABLE
Transient error StatusCode.UNAVAILABLE encountered while exporting traces to localhost:4317, retrying in 1.10s.
Failed to export traces to localhost:4317, error code: StatusCode.UNAVAILABLE
Transient error StatusCode.UNAVAILABLE encountered while exporting traces to localhost:4317, retrying in 1.01s.
Failed to export traces to localhost:4317, error code: StatusCode.UNAVAILABLE
Transient error StatusCode.UNAVAILABLE encountered while exporting traces to localhost:4317, retrying in 1.01s.
Failed to export traces to localhost:4317, error code: StatusCode.UNAVAILABLE
Transient error StatusCode.UNAVAILABLE encountered while exporting traces to localhost:4317, retrying in 1.08s.
Failed to export traces to localhost:4317, error code: StatusCode.UNAVAILABLE
Transient error StatusCode.UNAVAILABLE encountered while exporting traces to localhost:4317, retrying in 0.82s.
Failed to export traces to localhost:4317, error code: StatusCode.UNAVAILABLE
Transient error StatusCode.UNAVAILABLE encountered while exporting traces to localhost:4317, retrying in 0.94s.
Failed to export traces to localhost:4317, error code: StatusCode.UNAVAILABLE
Transient error StatusCode.UNAVAILABLE encountered while exporting traces to localhost:4317, retrying in 1.13s.
Failed to export traces to localhost:4317, error code: StatusCode.UNAVAILABLE
Transient error StatusCode.UNAVAILABLE encountered while exporting traces to localhost:4317, retrying in 1.08s.
Transient error StatusCode.UNAVAILABLE encountered while exporting traces to localhost:4317, retrying in 2.39s.
Failed to export traces to localhost:4317, error code: StatusCode.UNAVAILABLE
Transient error StatusCode.UNAVAILABLE encountered while exporting traces to localhost:4317, retrying in 0.88s.
Failed to export traces to localhost:4317, error code: StatusCode.UNAVAILABLE
Transient error StatusCode.UNAVAILABLE encountered while exporting traces to localhost:4317, retrying in 0.80s.
Failed to export traces to localhost:4317, error code: StatusCode.UNAVAILABLE
Transient error StatusCode.UNAVAILABLE encountered while exporting traces to localhost:4317, retrying in 1.19s.
Failed to export traces to localhost:4317, error code: StatusCode.UNAVAILABLE
Transient error StatusCode.UNAVAILABLE encountered while exporting traces to localhost:4317, retrying in 0.83s.
Failed to export traces to localhost:4317, error code: StatusCode.UNAVAILABLE
Transient error StatusCode.UNAVAILABLE encountered while exporting traces to localhost:4317, retrying in 0.93s.
Failed to export traces to localhost:4317, error code: StatusCode.UNAVAILABLE
Transient error StatusCode.UNAVAILABLE encountered while exporting traces to localhost:4317, retrying in 1.19s.
Failed to export traces to localhost:4317, error code: StatusCode.UNAVAILABLE
Transient error StatusCode.UNAVAILABLE encountered while exporting traces to localhost:4317, retrying in 0.90s.
Failed to export traces to localhost:4317, error code: StatusCode.UNAVAILABLE
Transient error StatusCode.UNAVAILABLE encountered while exporting traces to localhost:4317, retrying in 0.90s.
Transient error StatusCode.UNAVAILABLE encountered while exporting traces to localhost:4317, retrying in 4.15s.
Failed to export traces to localhost:4317, error code: StatusCode.UNAVAILABLE
Transient error StatusCode.UNAVAILABLE encountered while exporting traces to localhost:4317, retrying in 0.85s.
Failed to export traces to localhost:4317, error code: StatusCode.UNAVAILABLE
Transient error StatusCode.UNAVAILABLE encountered while exporting traces to localhost:4317, retrying in 1.17s.
Failed to export traces to localhost:4317, error code: StatusCode.UNAVAILABLE
Transient error StatusCode.UNAVAILABLE encountered while exporting traces to localhost:4317, retrying in 1.15s.
Failed to export traces to localhost:4317, error code: StatusCode.UNAVAILABLE
Transient error StatusCode.UNAVAILABLE encountered while exporting traces to localhost:4317, retrying in 1.12s.
Transient error StatusCode.UNAVAILABLE encountered while exporting traces to localhost:4317, retrying in 3.27s.
Failed to export traces to localhost:4317, error code: StatusCode.UNAVAILABLE
Transient error StatusCode.UNAVAILABLE encountered while exporting traces to localhost:4317, retrying in 1.17s.
Failed to export traces to localhost:4317, error code: StatusCode.UNAVAILABLE
Transient error StatusCode.UNAVAILABLE encountered while exporting traces to localhost:4317, retrying in 0.93s.
Failed to export traces to localhost:4317, error code: StatusCode.UNAVAILABLE
Transient error StatusCode.UNAVAILABLE encountered while exporting traces to localhost:4317, retrying in 1.02s.
Failed to export traces to localhost:4317, error code: StatusCode.UNAVAILABLE
Transient error StatusCode.UNAVAILABLE encountered while exporting traces to localhost:4317, retrying in 0.90s.
Failed to export traces to localhost:4317, error code: StatusCode.UNAVAILABLE
Transient error StatusCode.UNAVAILABLE encountered while exporting traces to localhost:4317, retrying in 0.80s.
Failed to export traces to localhost:4317, error code: StatusCode.UNAVAILABLE
Transient error StatusCode.UNAVAILABLE encountered while exporting traces to localhost:4317, retrying in 0.91s.
Failed to export traces to localhost:4317, error code: StatusCode.UNAVAILABLE
Transient error StatusCode.UNAVAILABLE encountered while exporting traces to localhost:4317, retrying in 0.82s.
Failed to export traces to localhost:4317, error code: StatusCode.UNAVAILABLE
Transient error StatusCode.UNAVAILABLE encountered while exporting traces to localhost:4317, retrying in 1.04s.
Failed to export traces to localhost:4317, error code: StatusCode.UNAVAILABLE
Transient error StatusCode.UNAVAILABLE encountered while exporting traces to localhost:4317, retrying in 0.85s.
Failed to export traces to localhost:4317, error code: StatusCode.UNAVAILABLE
Transient error StatusCode.UNAVAILABLE encountered while exporting traces to localhost:4317, retrying in 1.01s.
Failed to export traces to localhost:4317, error code: StatusCode.UNAVAILABLE
Transient error StatusCode.UNAVAILABLE encountered while exporting traces to localhost:4317, retrying in 0.81s.
Failed to export traces to localhost:4317, error code: StatusCode.UNAVAILABLE
Transient error StatusCode.UNAVAILABLE encountered while exporting traces to localhost:4317, retrying in 0.92s.
Transient error StatusCode.UNAVAILABLE encountered while exporting traces to localhost:4317, retrying in 1.96s.
Failed to export traces to localhost:4317, error code: StatusCode.UNAVAILABLE
Transient error StatusCode.UNAVAILABLE encountered while exporting traces to localhost:4317, retrying in 0.98s.
Failed to export traces to localhost:4317, error code: StatusCode.UNAVAILABLE
Transient error StatusCode.UNAVAILABLE encountered while exporting traces to localhost:4317, retrying in 1.14s.
Failed to export traces to localhost:4317, error code: StatusCode.UNAVAILABLE
Transient error StatusCode.UNAVAILABLE encountered while exporting traces to localhost:4317, retrying in 1.18s.
Failed to export traces to localhost:4317, error code: StatusCode.UNAVAILABLE
Transient error StatusCode.UNAVAILABLE encountered while exporting traces to localhost:4317, retrying in 1.01s.
Transient error StatusCode.UNAVAILABLE encountered while exporting traces to localhost:4317, retrying in 4.26s.
Failed to export traces to localhost:4317, error code: StatusCode.UNAVAILABLE
Transient error StatusCode.UNAVAILABLE encountered while exporting traces to localhost:4317, retrying in 0.90s.
Failed to export traces to localhost:4317, error code: StatusCode.UNAVAILABLE
Transient error StatusCode.UNAVAILABLE encountered while exporting traces to localhost:4317, retrying in 1.05s.
Failed to export traces to localhost:4317, error code: StatusCode.UNAVAILABLE
Transient error StatusCode.UNAVAILABLE encountered while exporting traces to localhost:4317, retrying in 1.05s.
Failed to export traces to localhost:4317, error code: StatusCode.UNAVAILABLE
Transient error StatusCode.UNAVAILABLE encountered while exporting traces to localhost:4317, retrying in 0.84s.
Failed to export traces to localhost:4317, error code: StatusCode.UNAVAILABLE
Transient error StatusCode.UNAVAILABLE encountered while exporting traces to localhost:4317, retrying in 1.03s.
Failed to export traces to localhost:4317, error code: StatusCode.UNAVAILABLE
Transient error StatusCode.UNAVAILABLE encountered while exporting traces to localhost:4317, retrying in 1.10s.
Failed to export traces to localhost:4317, error code: StatusCode.UNAVAILABLE
Transient error StatusCode.UNAVAILABLE encountered while exporting traces to localhost:4317, retrying in 0.88s.
Failed to export traces to localhost:4317, error code: StatusCode.UNAVAILABLE
Transient error StatusCode.UNAVAILABLE encountered while exporting traces to localhost:4317, retrying in 0.93s.
Failed to export traces to localhost:4317, error code: StatusCode.UNAVAILABLE
Transient error StatusCode.UNAVAILABLE encountered while exporting traces to localhost:4317, retrying in 0.83s.
Failed to export traces to localhost:4317, error code: StatusCode.UNAVAILABLE
Transient error StatusCode.UNAVAILABLE encountered while exporting traces to localhost:4317, retrying in 1.16s.
Failed to export traces to localhost:4317, error code: StatusCode.UNAVAILABLE
Transient error StatusCode.UNAVAILABLE encountered while exporting traces to localhost:4317, retrying in 0.87s.
Failed to export traces to localhost:4317, error code: StatusCode.UNAVAILABLE
Transient error StatusCode.UNAVAILABLE encountered while exporting traces to localhost:4317, retrying in 1.09s.
Transient error StatusCode.UNAVAILABLE encountered while exporting traces to localhost:4317, retrying in 3.25s.
Failed to export traces to localhost:4317, error code: StatusCode.UNAVAILABLE
Transient error StatusCode.UNAVAILABLE encountered while exporting traces to localhost:4317, retrying in 1.16s.
Failed to export traces to localhost:4317, error code: StatusCode.UNAVAILABLE
Transient error StatusCode.UNAVAILABLE encountered while exporting traces to localhost:4317, retrying in 0.92s.
Failed to export traces to localhost:4317, error code: StatusCode.UNAVAILABLE
Transient error StatusCode.UNAVAILABLE encountered while exporting traces to localhost:4317, retrying in 1.09s.
Failed to export traces to localhost:4317, error code: StatusCode.UNAVAILABLE
Transient error StatusCode.UNAVAILABLE encountered while exporting traces to localhost:4317, retrying in 1.07s.
Failed to export traces to localhost:4317, error code: StatusCode.UNAVAILABLE
Transient error StatusCode.UNAVAILABLE encountered while exporting traces to localhost:4317, retrying in 0.90s.
Failed to export traces to localhost:4317, error code: StatusCode.UNAVAILABLE
Transient error StatusCode.UNAVAILABLE encountered while exporting traces to localhost:4317, retrying in 1.04s.
Failed to export traces to localhost:4317, error code: StatusCode.UNAVAILABLE
Transient error StatusCode.UNAVAILABLE encountered while exporting traces to localhost:4317, retrying in 0.99s.
Failed to export traces to localhost:4317, error code: StatusCode.UNAVAILABLE
Transient error StatusCode.UNAVAILABLE encountered while exporting traces to localhost:4317, retrying in 0.87s.
Transient error StatusCode.UNAVAILABLE encountered while exporting traces to localhost:4317, retrying in 1.83s.
Failed to export traces to localhost:4317, error code: StatusCode.UNAVAILABLE
Transient error StatusCode.UNAVAILABLE encountered while exporting traces to localhost:4317, retrying in 0.91s.
Failed to export traces to localhost:4317, error code: StatusCode.UNAVAILABLE
Transient error StatusCode.UNAVAILABLE encountered while exporting traces to localhost:4317, retrying in 1.13s.
Failed to export traces to localhost:4317, error code: StatusCode.UNAVAILABLE
Transient error StatusCode.UNAVAILABLE encountered while exporting traces to localhost:4317, retrying in 1.02s.
Failed to export traces to localhost:4317, error code: StatusCode.UNAVAILABLE
Transient error StatusCode.UNAVAILABLE encountered while exporting traces to localhost:4317, retrying in 0.89s.
Failed to export traces to localhost:4317, error code: StatusCode.UNAVAILABLE
Transient error StatusCode.UNAVAILABLE encountered while exporting traces to localhost:4317, retrying in 0.86s.
Failed to export traces to localhost:4317, error code: StatusCode.UNAVAILABLE
Transient error StatusCode.UNAVAILABLE encountered while exporting traces to localhost:4317, retrying in 1.10s.
Failed to export traces to localhost:4317, error code: StatusCode.UNAVAILABLE
Transient error StatusCode.UNAVAILABLE encountered while exporting traces to localhost:4317, retrying in 0.90s.
Failed to export traces to localhost:4317, error code: StatusCode.UNAVAILABLE
Transient error StatusCode.UNAVAILABLE encountered while exporting traces to localhost:4317, retrying in 0.92s.
Transient error StatusCode.UNAVAILABLE encountered while exporting traces to localhost:4317, retrying in 4.51s.
Failed to export traces to localhost:4317, error code: StatusCode.UNAVAILABLE
Transient error StatusCode.UNAVAILABLE encountered while exporting traces to localhost:4317, retrying in 0.98s.
Failed to export traces to localhost:4317, error code: StatusCode.UNAVAILABLE
Transient error StatusCode.UNAVAILABLE encountered while exporting traces to localhost:4317, retrying in 0.83s.
Failed to export traces to localhost:4317, error code: StatusCode.UNAVAILABLE
Transient error StatusCode.UNAVAILABLE encountered while exporting traces to localhost:4317, retrying in 0.92s.
Failed to export traces to localhost:4317, error code: StatusCode.UNAVAILABLE
Transient error StatusCode.UNAVAILABLE encountered while exporting traces to localhost:4317, retrying in 1.01s.
Transient error StatusCode.UNAVAILABLE encountered while exporting traces to localhost:4317, retrying in 4.37s.
Failed to export traces to localhost:4317, error code: StatusCode.UNAVAILABLE
Transient error StatusCode.UNAVAILABLE encountered while exporting traces to localhost:4317, retrying in 0.86s.
Failed to export traces to localhost:4317, error code: StatusCode.UNAVAILABLE
Transient error StatusCode.UNAVAILABLE encountered while exporting traces to localhost:4317, retrying in 1.06s.
Failed to export traces to localhost:4317, error code: StatusCode.UNAVAILABLE
Transient error StatusCode.UNAVAILABLE encountered while exporting traces to localhost:4317, retrying in 1.11s.
Failed to export traces to localhost:4317, error code: StatusCode.UNAVAILABLE
Transient error StatusCode.UNAVAILABLE encountered while exporting traces to localhost:4317, retrying in 0.89s.
Failed to export traces to localhost:4317, error code: StatusCode.UNAVAILABLE
Transient error StatusCode.UNAVAILABLE encountered while exporting traces to localhost:4317, retrying in 1.09s.
Failed to export traces to localhost:4317, error code: StatusCode.UNAVAILABLE
Transient error StatusCode.UNAVAILABLE encountered while exporting traces to localhost:4317, retrying in 1.15s.
Failed to export traces to localhost:4317, error code: StatusCode.UNAVAILABLE
Transient error StatusCode.UNAVAILABLE encountered while exporting traces to localhost:4317, retrying in 0.81s.
Failed to export traces to localhost:4317, error code: StatusCode.UNAVAILABLE
Transient error StatusCode.UNAVAILABLE encountered while exporting traces to localhost:4317, retrying in 0.97s.
Transient error StatusCode.UNAVAILABLE encountered while exporting traces to localhost:4317, retrying in 4.31s.
Failed to export traces to localhost:4317, error code: StatusCode.UNAVAILABLE
Transient error StatusCode.UNAVAILABLE encountered while exporting traces to localhost:4317, retrying in 0.80s.
Failed to export traces to localhost:4317, error code: StatusCode.UNAVAILABLE
Transient error StatusCode.UNAVAILABLE encountered while exporting traces to localhost:4317, retrying in 0.80s.
Failed to export traces to localhost:4317, error code: StatusCode.UNAVAILABLE
Transient error StatusCode.UNAVAILABLE encountered while exporting traces to localhost:4317, retrying in 1.07s.
Failed to export traces to localhost:4317, error code: StatusCode.UNAVAILABLE
Transient error StatusCode.UNAVAILABLE encountered while exporting traces to localhost:4317, retrying in 1.06s.
Failed to export traces to localhost:4317, error code: StatusCode.UNAVAILABLE
Transient error StatusCode.UNAVAILABLE encountered while exporting traces to localhost:4317, retrying in 1.14s.
Failed to export traces to localhost:4317, error code: StatusCode.UNAVAILABLE
Transient error StatusCode.UNAVAILABLE encountered while exporting traces to localhost:4317, retrying in 0.90s.
Failed to export traces to localhost:4317, error code: StatusCode.UNAVAILABLE
Transient error StatusCode.UNAVAILABLE encountered while exporting traces to localhost:4317, retrying in 1.04s.
Failed to export traces to localhost:4317, error code: StatusCode.UNAVAILABLE
Transient error StatusCode.UNAVAILABLE encountered while exporting traces to localhost:4317, retrying in 1.08s.
Failed to export traces to localhost:4317, error code: StatusCode.UNAVAILABLE
Transient error StatusCode.UNAVAILABLE encountered while exporting traces to localhost:4317, retrying in 1.10s.
Failed to export traces to localhost:4317, error code: StatusCode.UNAVAILABLE
Transient error StatusCode.UNAVAILABLE encountered while exporting traces to localhost:4317, retrying in 1.18s.
Failed to export traces to localhost:4317, error code: StatusCode.UNAVAILABLE
Transient error StatusCode.UNAVAILABLE encountered while exporting traces to localhost:4317, retrying in 0.94s.
Failed to export traces to localhost:4317, error code: StatusCode.UNAVAILABLE
Transient error StatusCode.UNAVAILABLE encountered while exporting traces to localhost:4317, retrying in 0.87s.
Failed to export traces to localhost:4317, error code: StatusCode.UNAVAILABLE
Transient error StatusCode.UNAVAILABLE encountered while exporting traces to localhost:4317, retrying in 0.91s.
Failed to export traces to localhost:4317, error code: StatusCode.UNAVAILABLE
Transient error StatusCode.UNAVAILABLE encountered while exporting traces to localhost:4317, retrying in 0.80s.
Failed to export traces to localhost:4317, error code: StatusCode.UNAVAILABLE
Transient error StatusCode.UNAVAILABLE encountered while exporting traces to localhost:4317, retrying in 0.99s.
Failed to export traces to localhost:4317, error code: StatusCode.UNAVAILABLE
Transient error StatusCode.UNAVAILABLE encountered while exporting traces to localhost:4317, retrying in 0.89s.
Transient error StatusCode.UNAVAILABLE encountered while exporting traces to localhost:4317, retrying in 2.06s.
Failed to export traces to localhost:4317, error code: StatusCode.UNAVAILABLE
Transient error StatusCode.UNAVAILABLE encountered while exporting traces to localhost:4317, retrying in 1.07s.
Failed to export traces to localhost:4317, error code: StatusCode.UNAVAILABLE
Transient error StatusCode.UNAVAILABLE encountered while exporting traces to localhost:4317, retrying in 0.93s.
Failed to export traces to localhost:4317, error code: StatusCode.UNAVAILABLE
Transient error StatusCode.UNAVAILABLE encountered while exporting traces to localhost:4317, retrying in 0.95s.
Failed to export traces to localhost:4317, error code: StatusCode.UNAVAILABLE
Transient error StatusCode.UNAVAILABLE encountered while exporting traces to localhost:4317, retrying in 0.83s.
Failed to export traces to localhost:4317, error code: StatusCode.UNAVAILABLE
Transient error StatusCode.UNAVAILABLE encountered while exporting traces to localhost:4317, retrying in 1.19s.
Failed to export traces to localhost:4317, error code: StatusCode.UNAVAILABLE
Transient error StatusCode.UNAVAILABLE encountered while exporting traces to localhost:4317, retrying in 0.98s.
Failed to export traces to localhost:4317, error code: StatusCode.UNAVAILABLE
Transient error StatusCode.UNAVAILABLE encountered while exporting traces to localhost:4317, retrying in 1.07s.
Failed to export traces to localhost:4317, error code: StatusCode.UNAVAILABLE
Transient error StatusCode.UNAVAILABLE encountered while exporting traces to localhost:4317, retrying in 0.96s.
Transient error StatusCode.UNAVAILABLE encountered while exporting traces to localhost:4317, retrying in 4.62s.
Failed to export traces to localhost:4317, error code: StatusCode.UNAVAILABLE
Transient error StatusCode.UNAVAILABLE encountered while exporting traces to localhost:4317, retrying in 0.94s.
Failed to export traces to localhost:4317, error code: StatusCode.UNAVAILABLE
Transient error StatusCode.UNAVAILABLE encountered while exporting traces to localhost:4317, retrying in 1.14s.
Failed to export traces to localhost:4317, error code: StatusCode.UNAVAILABLE
Transient error StatusCode.UNAVAILABLE encountered while exporting traces to localhost:4317, retrying in 1.18s.
Failed to export traces to localhost:4317, error code: StatusCode.UNAVAILABLE
Transient error StatusCode.UNAVAILABLE encountered while exporting traces to localhost:4317, retrying in 0.94s.
Transient error StatusCode.UNAVAILABLE encountered while exporting traces to localhost:4317, retrying in 4.37s.
Failed to export traces to localhost:4317, error code: StatusCode.UNAVAILABLE
Transient error StatusCode.UNAVAILABLE encountered while exporting traces to localhost:4317, retrying in 1.13s.
Failed to export traces to localhost:4317, error code: StatusCode.UNAVAILABLE
Transient error StatusCode.UNAVAILABLE encountered while exporting traces to localhost:4317, retrying in 0.93s.
Failed to export traces to localhost:4317, error code: StatusCode.UNAVAILABLE
Transient error StatusCode.UNAVAILABLE encountered while exporting traces to localhost:4317, retrying in 1.01s.
Failed to export traces to localhost:4317, error code: StatusCode.UNAVAILABLE
Transient error StatusCode.UNAVAILABLE encountered while exporting traces to localhost:4317, retrying in 1.19s.
Transient error StatusCode.UNAVAILABLE encountered while exporting traces to localhost:4317, retrying in 3.72s.
Failed to export traces to localhost:4317, error code: StatusCode.UNAVAILABLE
Transient error StatusCode.UNAVAILABLE encountered while exporting traces to localhost:4317, retrying in 0.99s.
Failed to export traces to localhost:4317, error code: StatusCode.UNAVAILABLE
Transient error StatusCode.UNAVAILABLE encountered while exporting traces to localhost:4317, retrying in 0.94s.
Failed to export traces to localhost:4317, error code: StatusCode.UNAVAILABLE
Transient error StatusCode.UNAVAILABLE encountered while exporting traces to localhost:4317, retrying in 0.96s.
Failed to export traces to localhost:4317, error code: StatusCode.UNAVAILABLE
Transient error StatusCode.UNAVAILABLE encountered while exporting traces to localhost:4317, retrying in 1.10s.
Failed to export traces to localhost:4317, error code: StatusCode.UNAVAILABLE
Transient error StatusCode.UNAVAILABLE encountered while exporting traces to localhost:4317, retrying in 0.89s.
Failed to export traces to localhost:4317, error code: StatusCode.UNAVAILABLE
Transient error StatusCode.UNAVAILABLE encountered while exporting traces to localhost:4317, retrying in 1.04s.
Failed to export traces to localhost:4317, error code: StatusCode.UNAVAILABLE
Transient error StatusCode.UNAVAILABLE encountered while exporting traces to localhost:4317, retrying in 1.16s.
Failed to export traces to localhost:4317, error code: StatusCode.UNAVAILABLE
Transient error StatusCode.UNAVAILABLE encountered while exporting traces to localhost:4317, retrying in 0.93s.
Transient error StatusCode.UNAVAILABLE encountered while exporting traces to localhost:4317, retrying in 3.60s.
Failed to export traces to localhost:4317, error code: StatusCode.UNAVAILABLE
Transient error StatusCode.UNAVAILABLE encountered while exporting traces to localhost:4317, retrying in 1.16s.
Failed to export traces to localhost:4317, error code: StatusCode.UNAVAILABLE
Transient error StatusCode.UNAVAILABLE encountered while exporting traces to localhost:4317, retrying in 0.81s.
Failed to export traces to localhost:4317, error code: StatusCode.UNAVAILABLE
Transient error StatusCode.UNAVAILABLE encountered while exporting traces to localhost:4317, retrying in 0.82s.
Failed to export traces to localhost:4317, error code: StatusCode.UNAVAILABLE
Transient error StatusCode.UNAVAILABLE encountered while exporting traces to localhost:4317, retrying in 1.00s.
Failed to export traces to localhost:4317, error code: StatusCode.UNAVAILABLE
Transient error StatusCode.UNAVAILABLE encountered while exporting traces to localhost:4317, retrying in 1.03s.
Failed to export traces to localhost:4317, error code: StatusCode.UNAVAILABLE
Transient error StatusCode.UNAVAILABLE encountered while exporting traces to localhost:4317, retrying in 1.20s.
Failed to export traces to localhost:4317, error code: StatusCode.UNAVAILABLE
Transient error StatusCode.UNAVAILABLE encountered while exporting traces to localhost:4317, retrying in 0.93s.
Failed to export traces to localhost:4317, error code: StatusCode.UNAVAILABLE
Transient error StatusCode.UNAVAILABLE encountered while exporting traces to localhost:4317, retrying in 0.96s.
Transient error StatusCode.UNAVAILABLE encountered while exporting traces to localhost:4317, retrying in 4.11s.
Failed to export traces to localhost:4317, error code: StatusCode.UNAVAILABLE
Transient error StatusCode.UNAVAILABLE encountered while exporting traces to localhost:4317, retrying in 0.90s.
Failed to export traces to localhost:4317, error code: StatusCode.UNAVAILABLE
Transient error StatusCode.UNAVAILABLE encountered while exporting traces to localhost:4317, retrying in 0.97s.
Failed to export traces to localhost:4317, error code: StatusCode.UNAVAILABLE
Transient error StatusCode.UNAVAILABLE encountered while exporting traces to localhost:4317, retrying in 1.16s.
Failed to export traces to localhost:4317, error code: StatusCode.UNAVAILABLE
Transient error StatusCode.UNAVAILABLE encountered while exporting traces to localhost:4317, retrying in 0.89s.
Failed to export traces to localhost:4317, error code: StatusCode.UNAVAILABLE
Transient error StatusCode.UNAVAILABLE encountered while exporting traces to localhost:4317, retrying in 0.88s.
Failed to export traces to localhost:4317, error code: StatusCode.UNAVAILABLE
Transient error StatusCode.UNAVAILABLE encountered while exporting traces to localhost:4317, retrying in 0.93s.
Failed to export traces to localhost:4317, error code: StatusCode.UNAVAILABLE
Transient error StatusCode.UNAVAILABLE encountered while exporting traces to localhost:4317, retrying in 1.15s.
Failed to export traces to localhost:4317, error code: StatusCode.UNAVAILABLE
Transient error StatusCode.UNAVAILABLE encountered while exporting traces to localhost:4317, retrying in 0.99s.
Transient error StatusCode.UNAVAILABLE encountered while exporting traces to localhost:4317, retrying in 1.72s.
Failed to export traces to localhost:4317, error code: StatusCode.UNAVAILABLE
Transient error StatusCode.UNAVAILABLE encountered while exporting traces to localhost:4317, retrying in 1.03s.
Failed to export traces to localhost:4317, error code: StatusCode.UNAVAILABLE
Transient error StatusCode.UNAVAILABLE encountered while exporting traces to localhost:4317, retrying in 1.11s.
Failed to export traces to localhost:4317, error code: StatusCode.UNAVAILABLE
Transient error StatusCode.UNAVAILABLE encountered while exporting traces to localhost:4317, retrying in 0.87s.
Failed to export traces to localhost:4317, error code: StatusCode.UNAVAILABLE
Transient error StatusCode.UNAVAILABLE encountered while exporting traces to localhost:4317, retrying in 1.08s.
Failed to export traces to localhost:4317, error code: StatusCode.UNAVAILABLE
Transient error StatusCode.UNAVAILABLE encountered while exporting traces to localhost:4317, retrying in 1.12s.
Failed to export traces to localhost:4317, error code: StatusCode.UNAVAILABLE
Transient error StatusCode.UNAVAILABLE encountered while exporting traces to localhost:4317, retrying in 1.15s.
Failed to export traces to localhost:4317, error code: StatusCode.UNAVAILABLE
Transient error StatusCode.UNAVAILABLE encountered while exporting traces to localhost:4317, retrying in 0.80s.
Failed to export traces to localhost:4317, error code: StatusCode.UNAVAILABLE
Transient error StatusCode.UNAVAILABLE encountered while exporting traces to localhost:4317, retrying in 0.99s.
Transient error StatusCode.UNAVAILABLE encountered while exporting traces to localhost:4317, retrying in 4.07s.
Failed to export traces to localhost:4317, error code: StatusCode.UNAVAILABLE
Transient error StatusCode.UNAVAILABLE encountered while exporting traces to localhost:4317, retrying in 0.85s.
Failed to export traces to localhost:4317, error code: StatusCode.UNAVAILABLE
Transient error StatusCode.UNAVAILABLE encountered while exporting traces to localhost:4317, retrying in 1.19s.
Failed to export traces to localhost:4317, error code: StatusCode.UNAVAILABLE
Transient error StatusCode.UNAVAILABLE encountered while exporting traces to localhost:4317, retrying in 1.02s.
Failed to export traces to localhost:4317, error code: StatusCode.UNAVAILABLE
Transient error StatusCode.UNAVAILABLE encountered while exporting traces to localhost:4317, retrying in 0.80s.
Transient error StatusCode.UNAVAILABLE encountered while exporting traces to localhost:4317, retrying in 3.40s.
Failed to export traces to localhost:4317, error code: StatusCode.UNAVAILABLE
Transient error StatusCode.UNAVAILABLE encountered while exporting traces to localhost:4317, retrying in 1.16s.
Failed to export traces to localhost:4317, error code: StatusCode.UNAVAILABLE
